country,year,value
Mexico,1993,-1.891
Mexico,1994,-1.891
Mexico,1995,-1.891
Mexico,1996,-1.891
Mexico,1997,0.474
Mexico,1998,0.474
Mexico,1999,0.474
Mexico,2000,0.474
Mexico,2001,0.474
Mexico,2002,0.474
Mexico,2003,0.474
Mexico,2004,0.474
Mexico,2005,0.474
Mexico,2006,0.474
Mexico,2007,0.474
Mexico,2008,0.474
Mexico,2009,0.474
Mexico,2010,0.473
Mexico,2011,0.473
Mexico,2012,0.514
Mexico,2013,0.504
Mexico,2014,0.505
Mexico,2015,0.396
Mexico,2016,0.396
Mexico,2017,0.5
Mexico,2018,0.473
Mexico,2019,0.46
Suriname,1993,-3.453
Suriname,1994,-3.453
Suriname,1995,0.405
Suriname,1996,0.405
Suriname,1997,0.405
Suriname,1998,0.405
Suriname,1999,0.405
Suriname,2000,0.405
Suriname,2001,0.405
Suriname,2002,0.405
Suriname,2003,0.405
Suriname,2004,0.405
Suriname,2005,0.405
Suriname,2006,0.405
Suriname,2007,0.405
Suriname,2008,0.405
Suriname,2009,0.405
Suriname,2010,0.405
Suriname,2011,0.405
Suriname,2012,0.405
Suriname,2013,0.465
Suriname,2014,0.465
Suriname,2015,0.465
Suriname,2016,0.477
Suriname,2017,0.424
Suriname,2018,0.468
Suriname,2019,0.476
Sweden,1993,-3.052
Sweden,1994,0.425
Sweden,1995,0.425
Sweden,1996,0.425
Sweden,1997,0.425
Sweden,1998,0.425
Sweden,1999,0.425
Sweden,2000,0.425
Sweden,2001,0.425
Sweden,2002,0.425
Sweden,2003,0.425
Sweden,2004,0.425
Sweden,2005,0.425
Sweden,2006,0.425
Sweden,2007,0.501
Sweden,2008,0.501
Sweden,2009,0.501
Sweden,2010,0.501
Sweden,2011,0.501
Sweden,2012,0.501
Sweden,2013,0.468
Sweden,2014,0.468
Sweden,2015,0.486
Sweden,2016,0.486
Sweden,2017,0.381
Sweden,2018,0.553
Sweden,2019,0.553
Switzerland,1993,-2.169
Switzerland,1994,-2.169
Switzerland,1995,0.479
Switzerland,1996,0.479
Switzerland,1997,0.479
Switzerland,1998,0.479
Switzerland,1999,0.479
Switzerland,2000,0.479
Switzerland,2001,0.479
Switzerland,2002,0.479
Switzerland,2003,0.479
Switzerland,2004,0.479
Switzerland,2005,0.479
Switzerland,2006,0.479
Switzerland,2007,0.479
Switzerland,2008,0.479
Switzerland,2009,0.479
Switzerland,2010,0.479
Switzerland,2011,0.479
Switzerland,2012,0.479
Switzerland,2013,0.479
Switzerland,2014,0.479
Switzerland,2015,0.42
Switzerland,2016,0.42
Switzerland,2017,0.42
Switzerland,2018,0.42
Switzerland,2019,0.42
Ghana,1993,-1.864
Ghana,1994,-1.864
Ghana,1995,-1.864
Ghana,1996,-1.864
Ghana,1997,-1.864
Ghana,1998,0.454
Ghana,1999,0.454
Ghana,2000,0.544
Ghana,2001,0.544
Ghana,2002,0.544
Ghana,2003,0.544
Ghana,2004,0.544
Ghana,2005,0.544
Ghana,2006,0.544
Ghana,2007,0.544
Ghana,2008,0.544
Ghana,2009,0.544
Ghana,2010,0.47
Ghana,2011,0.47
Ghana,2012,0.47
Ghana,2013,0.455
Ghana,2014,0.455
Ghana,2015,0.455
Ghana,2016,0.406
Ghana,2017,0.459
Ghana,2018,0.459
Ghana,2019,0.442
South Africa,1993,0.425
South Africa,1994,0.437
South Africa,1995,0.437
South Africa,1996,0.437
South Africa,1997,0.437
South Africa,1998,0.437
South Africa,1999,0.437
South Africa,2000,0.437
South Africa,2001,0.437
South Africa,2002,0.437
South Africa,2003,0.437
South Africa,2004,0.437
South Africa,2005,0.437
South Africa,2006,0.437
South Africa,2007,0.437
South Africa,2008,0.437
South Africa,2009,0.476
South Africa,2010,0.476
South Africa,2011,0.476
South Africa,2012,0.476
South Africa,2013,0.491
South Africa,2014,0.491
South Africa,2015,0.409
South Africa,2016,0.409
South Africa,2017,0.441
South Africa,2018,0.441
South Africa,2019,0.437
Japan,1993,0.463
Japan,1994,0.463
Japan,1995,0.463
Japan,1996,0.463
Japan,1997,0.463
Japan,1998,0.463
Japan,1999,0.463
Japan,2000,0.463
Japan,2001,0.463
Japan,2002,0.463
Japan,2003,0.463
Japan,2004,0.463
Japan,2005,0.463
Japan,2006,0.463
Japan,2007,0.463
Japan,2008,0.463
Japan,2009,0.463
Japan,2010,0.494
Japan,2011,0.494
Japan,2012,0.494
Japan,2013,0.482
Japan,2014,0.482
Japan,2015,0.422
Japan,2016,0.422
Japan,2017,0.455
Japan,2018,0.453
Japan,2019,0.381
Myanmar,1996,-2.426
Myanmar,1997,-2.426
Myanmar,1998,-2.426
Myanmar,1999,-2.426
Myanmar,2000,0.431
Myanmar,2001,0.431
Myanmar,2002,0.431
Myanmar,2003,0.431
Myanmar,2004,0.431
Myanmar,2005,0.431
Myanmar,2006,0.431
Myanmar,2007,0.431
Myanmar,2008,0.431
Myanmar,2009,0.431
Myanmar,2010,0.407
Myanmar,2011,0.407
Myanmar,2012,0.406
Myanmar,2013,0.435
Myanmar,2014,0.373
Myanmar,2015,0.401
Myanmar,2016,0.481
Myanmar,2017,0.463
Myanmar,2018,0.446
Myanmar,2019,0.435
Russia,1998,-3.113
Russia,1999,-1.869
Russia,2000,0.473
Russia,2001,0.473
Russia,2002,0.473
Russia,2003,0.473
Russia,2004,0.473
Russia,2005,0.473
Russia,2006,0.473
Russia,2007,0.473
Russia,2008,0.473
Russia,2009,0.473
Russia,2010,0.447
Russia,2011,0.447
Russia,2012,0.445
Russia,2013,0.487
Russia,2014,0.472
Russia,2015,0.469
Russia,2016,0.432
Russia,2017,0.445
Russia,2018,0.4
Russia,2019,0.4
Albania,1993,-3.034
Albania,1994,-3.034
Albania,1995,-3.034
Albania,1996,-1.854
Albania,1997,0.386
Albania,1998,0.386
Albania,1999,0.386
Albania,2000,0.386
Albania,2001,0.386
Albania,2002,0.386
Albania,2003,0.386
Albania,2004,0.386
Albania,2005,0.386
Albania,2006,0.386
Albania,2007,0.386
Albania,2008,0.386
Albania,2009,0.386
Albania,2010,0.427
Albania,2011,0.427
Albania,2012,0.427
Albania,2013,0.477
Albania,2014,0.477
Albania,2015,0.477
Albania,2016,0.477
Albania,2017,0.477
Albania,2018,0.484
Albania,2019,0.455
Egypt,1993,-2.357
Egypt,1994,-2.357
Egypt,1995,-2.357
Egypt,1996,-2.357
Egypt,1997,-2.357
Egypt,1998,-2.357
Egypt,1999,-2.357
Egypt,2000,0.274
Egypt,2001,0.274
Egypt,2002,0.274
Egypt,2003,0.274
Egypt,2004,0.274
Egypt,2005,0.274
Egypt,2006,0.275
Egypt,2007,0.336
Egypt,2008,0.296
Egypt,2009,0.36
Egypt,2010,0.37
Egypt,2011,-1.406
Egypt,2012,0.298
Egypt,2013,0.288
Egypt,2014,0.303
Egypt,2015,0.254
Egypt,2016,0.312
Egypt,2017,0.303
Egypt,2018,-1.575
Egypt,2019,0.18
Yemen,1996,-1.728
Yemen,1997,-1.728
Yemen,1998,-1.728
Yemen,1999,-1.728
Yemen,2000,0.468
Yemen,2001,0.468
Yemen,2002,0.468
Yemen,2003,0.468
Yemen,2004,0.468
Yemen,2005,0.468
Yemen,2006,0.468
Yemen,2007,0.468
Yemen,2008,0.468
Yemen,2009,0.468
Yemen,2010,0.538
Yemen,2011,0.538
Yemen,2012,0.449
Yemen,2013,0.41
Yemen,2014,0.385
Yemen,2015,0.443
Yemen,2016,0.437
Yemen,2017,0.47
Yemen,2018,0.436
Yemen,2019,0.384
Colombia,1993,-2.926
Colombia,1994,0.447
Colombia,1995,0.447
Colombia,1996,0.447
Colombia,1997,0.447
Colombia,1998,0.447
Colombia,1999,0.447
Colombia,2000,0.447
Colombia,2001,0.447
Colombia,2002,0.447
Colombia,2003,0.489
Colombia,2004,0.489
Colombia,2005,0.489
Colombia,2006,0.489
Colombia,2007,0.489
Colombia,2008,0.405
Colombia,2009,0.405
Colombia,2010,0.405
Colombia,2011,0.423
Colombia,2012,0.452
Colombia,2013,0.482
Colombia,2014,0.482
Colombia,2015,0.482
Colombia,2016,0.464
Colombia,2017,0.454
Colombia,2018,0.441
Colombia,2019,0.418
Poland,1993,-3.695
Poland,1994,-2.254
Poland,1995,-2.254
Poland,1996,0.437
Poland,1997,0.437
Poland,1998,0.437
Poland,1999,0.437
Poland,2000,0.437
Poland,2001,0.437
Poland,2002,0.437
Poland,2003,0.437
Poland,2004,0.437
Poland,2005,0.437
Poland,2006,0.437
Poland,2007,0.437
Poland,2008,0.437
Poland,2009,0.437
Poland,2010,0.437
Poland,2011,0.437
Poland,2012,0.437
Poland,2013,0.453
Poland,2014,0.453
Poland,2015,0.453
Poland,2016,0.437
Poland,2017,0.428
Poland,2018,0.435
Poland,2019,0.429
Brazil,1993,-2.261
Brazil,1994,-2.261
Brazil,1995,-1.568
Brazil,1996,0.448
Brazil,1997,0.448
Brazil,1998,0.448
Brazil,1999,0.448
Brazil,2000,0.448
Brazil,2001,0.448
Brazil,2002,0.448
Brazil,2003,0.448
Brazil,2004,0.448
Brazil,2005,0.467
Brazil,2006,0.467
Brazil,2007,0.467
Brazil,2008,0.467
Brazil,2009,0.467
Brazil,2010,0.467
Brazil,2011,0.467
Brazil,2012,0.467
Brazil,2013,0.404
Brazil,2014,0.404
Brazil,2015,0.404
Brazil,2016,0.485
Brazil,2017,0.491
Brazil,2018,0.418
Brazil,2019,0.418
United States,1993,-1.649
United States,1994,-1.649
United States,1995,-1.649
United States,1996,0.513
United States,1997,0.513
United States,1998,0.513
United States,1999,0.513
United States,2000,0.513
United States,2001,0.513
United States,2002,0.513
United States,2003,0.513
United States,2004,0.513
United States,2005,0.513
United States,2006,0.513
United States,2007,0.513
United States,2008,0.513
United States,2009,0.513
United States,2010,0.511
United States,2011,0.511
United States,2012,0.511
United States,2013,0.507
United States,2014,0.507
United States,2015,0.507
United States,2016,0.507
United States,2017,0.418
United States,2018,0.418
United States,2019,0.418
Portugal,1993,-1.699
Portugal,1994,-1.699
Portugal,1995,-1.699
Portugal,1996,0.44
Portugal,1997,0.44
Portugal,1998,0.44
Portugal,1999,0.44
Portugal,2000,0.46
Portugal,2001,0.46
Portugal,2002,0.46
Portugal,2003,0.46
Portugal,2004,0.46
Portugal,2005,0.46
Portugal,2006,0.46
Portugal,2007,0.46
Portugal,2008,0.46
Portugal,2009,0.46
Portugal,2010,0.46
Portugal,2011,0.46
Portugal,2012,0.46
Portugal,2013,0.46
Portugal,2014,0.46
Portugal,2015,0.465
Portugal,2016,0.465
Portugal,2017,0.437
Portugal,2018,0.437
Portugal,2019,0.437
El Salvador,1996,-1.754
El Salvador,1997,-1.754
El Salvador,1998,-1.754
El Salvador,1999,-1.754
El Salvador,2000,-1.754
El Salvador,2001,0.486
El Salvador,2002,0.486
El Salvador,2003,0.486
El Salvador,2004,0.486
El Salvador,2005,0.486
El Salvador,2006,0.486
El Salvador,2007,0.486
El Salvador,2008,0.486
El Salvador,2009,0.486
El Salvador,2010,0.451
El Salvador,2011,0.451
El Salvador,2012,0.451
El Salvador,2013,0.456
El Salvador,2014,0.456
El Salvador,2015,0.456
El Salvador,2016,0.456
El Salvador,2017,0.455
El Salvador,2018,0.437
El Salvador,2019,0.406
Bangladesh,1996,-3.026
Bangladesh,1997,-3.026
Bangladesh,1998,-3.026
Bangladesh,1999,-3.026
Bangladesh,2000,0.453
Bangladesh,2001,0.453
Bangladesh,2002,0.453
Bangladesh,2003,0.453
Bangladesh,2004,0.453
Bangladesh,2005,0.453
Bangladesh,2006,0.453
Bangladesh,2007,0.424
Bangladesh,2008,0.424
Bangladesh,2009,0.47
Bangladesh,2010,0.39
Bangladesh,2011,0.39
Bangladesh,2012,0.45
Bangladesh,2013,0.406
Bangladesh,2014,0.406
Bangladesh,2015,0.477
Bangladesh,2016,0.432
Bangladesh,2017,0.427
Bangladesh,2018,0.427
Bangladesh,2019,0.453
Bolivia,1993,-3.688
Bolivia,1994,-2.122
Bolivia,1995,-2.122
Bolivia,1996,0.488
Bolivia,1997,0.488
Bolivia,1998,0.488
Bolivia,1999,0.488
Bolivia,2000,0.488
Bolivia,2001,0.488
Bolivia,2002,0.488
Bolivia,2003,0.488
Bolivia,2004,0.488
Bolivia,2005,0.488
Bolivia,2006,0.488
Bolivia,2007,0.488
Bolivia,2008,0.488
Bolivia,2009,0.488
Bolivia,2010,0.488
Bolivia,2011,0.488
Bolivia,2012,0.488
Bolivia,2013,0.488
Bolivia,2014,0.488
Bolivia,2015,0.427
Bolivia,2016,0.508
Bolivia,2017,0.485
Bolivia,2018,0.508
Bolivia,2019,0.508
Haiti,1993,-2.157
Haiti,1994,-2.157
Haiti,1995,-2.157
Haiti,1996,-2.157
Haiti,1997,-2.157
Haiti,1998,-2.157
Haiti,1999,-2.157
Haiti,2000,0.436
Haiti,2001,0.436
Haiti,2002,0.436
Haiti,2003,0.436
Haiti,2004,0.436
Haiti,2005,0.436
Haiti,2006,0.436
Haiti,2007,0.436
Haiti,2008,0.436
Haiti,2009,0.436
Haiti,2010,0.436
Haiti,2011,0.436
Haiti,2012,0.436
Haiti,2013,0.516
Haiti,2014,0.516
Haiti,2015,0.516
Haiti,2016,0.516
Haiti,2017,0.427
Haiti,2018,0.471
Haiti,2019,0.457
Honduras,1993,0.462
Honduras,1994,0.462
Honduras,1995,0.462
Honduras,1996,0.462
Honduras,1997,0.462
Honduras,1998,0.462
Honduras,1999,0.462
Honduras,2000,0.462
Honduras,2001,0.462
Honduras,2002,0.462
Honduras,2003,0.462
Honduras,2004,0.462
Honduras,2005,0.462
Honduras,2006,0.462
Honduras,2007,0.462
Honduras,2008,0.462
Honduras,2009,0.466
Honduras,2010,0.459
Honduras,2011,0.459
Honduras,2012,0.459
Honduras,2013,0.459
Honduras,2014,0.459
Honduras,2015,0.459
Honduras,2016,0.459
Honduras,2017,0.428
Honduras,2018,0.458
Honduras,2019,0.382
Mali,1997,-2.402
Mali,1998,0.401
Mali,1999,0.401
Mali,2000,0.401
Mali,2001,0.401
Mali,2002,0.401
Mali,2003,0.401
Mali,2004,0.401
Mali,2005,0.401
Mali,2006,0.401
Mali,2007,0.401
Mali,2008,0.401
Mali,2009,0.401
Mali,2010,0.401
Mali,2011,0.401
Mali,2012,0.401
Mali,2013,0.416
Mali,2014,0.416
Mali,2015,0.416
Mali,2016,0.471
Mali,2017,0.465
Mali,2018,0.439
Mali,2019,0.439
Pakistan,1995,-3.196
Pakistan,1996,0.454
Pakistan,1997,0.454
Pakistan,1998,0.454
Pakistan,1999,0.454
Pakistan,2000,0.454
Pakistan,2001,0.454
Pakistan,2002,0.454
Pakistan,2003,0.454
Pakistan,2004,0.454
Pakistan,2005,0.454
Pakistan,2006,0.454
Pakistan,2007,0.454
Pakistan,2008,0.454
Pakistan,2009,0.454
Pakistan,2010,0.454
Pakistan,2011,0.426
Pakistan,2012,0.426
Pakistan,2013,0.437
Pakistan,2014,0.478
Pakistan,2015,0.441
Pakistan,2016,0.473
Pakistan,2017,0.442
Pakistan,2018,0.406
Pakistan,2019,0.444
Peru,1993,-2.639
Peru,1994,-2.624
Peru,1995,0.447
Peru,1996,0.447
Peru,1997,0.447
Peru,1998,0.447
Peru,1999,0.447
Peru,2000,0.44
Peru,2001,0.44
Peru,2002,0.44
Peru,2003,0.44
Peru,2004,0.44
Peru,2005,0.44
Peru,2006,0.44
Peru,2007,0.44
Peru,2008,0.44
Peru,2009,0.44
Peru,2010,0.44
Peru,2011,0.44
Peru,2012,0.44
Peru,2013,0.512
Peru,2014,0.512
Peru,2015,0.471
Peru,2016,0.471
Peru,2017,0.372
Peru,2018,0.372
Peru,2019,0.372
Senegal,1993,-2.114
Senegal,1994,-2.114
Senegal,1995,0.476
Senegal,1996,0.476
Senegal,1997,0.476
Senegal,1998,0.45
Senegal,1999,0.45
Senegal,2000,0.45
Senegal,2001,0.45
Senegal,2002,0.45
Senegal,2003,0.45
Senegal,2004,0.45
Senegal,2005,0.45
Senegal,2006,0.45
Senegal,2007,0.45
Senegal,2008,0.45
Senegal,2009,0.45
Senegal,2010,0.45
Senegal,2011,0.45
Senegal,2012,0.45
Senegal,2013,0.477
Senegal,2014,0.477
Senegal,2015,0.477
Senegal,2016,0.477
Senegal,2017,0.45
Senegal,2018,0.528
Senegal,2019,0.45
South Sudan,2011,0.478
South Sudan,2012,0.478
South Sudan,2013,0.449
South Sudan,2014,0.427
South Sudan,2015,0.427
South Sudan,2016,0.397
South Sudan,2017,0.417
South Sudan,2018,0.417
South Sudan,2019,0.417
Sudan,1997,-3.397
Sudan,1998,-1.816
Sudan,1999,-1.816
Sudan,2000,-1.805
Sudan,2001,-1.786
Sudan,2002,-1.786
Sudan,2003,-1.76
Sudan,2004,-1.776
Sudan,2005,-1.559
Sudan,2006,-1.559
Sudan,2007,-1.534
Sudan,2008,-1.512
Sudan,2009,-1.513
Sudan,2010,-1.528
Sudan,2011,-1.542
Sudan,2012,-1.509
Sudan,2013,-0.724
Sudan,2014,-0.724
Sudan,2015,-0.724
Sudan,2016,-0.621
Sudan,2017,-0.665
Sudan,2018,-0.853
Sudan,2019,-1.222
Vietnam,1997,-3.978
Vietnam,1998,0.38
Vietnam,1999,0.38
Vietnam,2000,0.38
Vietnam,2001,0.38
Vietnam,2002,0.38
Vietnam,2003,0.38
Vietnam,2004,0.38
Vietnam,2005,0.38
Vietnam,2006,0.455
Vietnam,2007,0.455
Vietnam,2008,0.455
Vietnam,2009,0.455
Vietnam,2010,0.455
Vietnam,2011,0.455
Vietnam,2012,0.455
Vietnam,2013,0.475
Vietnam,2014,0.475
Vietnam,2015,0.475
Vietnam,2016,0.475
Vietnam,2017,0.499
Vietnam,2018,0.476
Vietnam,2019,0.397
Afghanistan,2002,0.443
Afghanistan,2003,0.443
Afghanistan,2004,0.443
Afghanistan,2005,0.443
Afghanistan,2006,0.443
Afghanistan,2007,0.446
Afghanistan,2008,0.446
Afghanistan,2009,0.446
Afghanistan,2010,0.446
Afghanistan,2011,0.446
Afghanistan,2012,0.446
Afghanistan,2013,0.421
Afghanistan,2014,0.421
Afghanistan,2015,0.421
Afghanistan,2016,0.423
Afghanistan,2017,0.434
Afghanistan,2018,0.418
Afghanistan,2019,0.435
Argentina,1993,-3.232
Argentina,1995,0.443
Argentina,1996,0.443
Argentina,1997,-2.169
Argentina,1998,-2.216
Argentina,1999,-2.216
Argentina,2000,-2.216
Argentina,2001,-2.216
Argentina,2002,-2.216
Argentina,2003,-2.262
Argentina,2004,-1.547
Argentina,2005,-1.547
Argentina,2006,-1.547
Argentina,2007,-1.547
Argentina,2008,-0.125
Argentina,2009,-0.125
Argentina,2010,-0.125
Argentina,2011,-0.125
Argentina,2012,-0.125
Argentina,2013,-0.125
Argentina,2014,-0.125
Argentina,2015,-0.125
Argentina,2016,-0.125
Argentina,2017,-0.125
Argentina,2018,-0.315
Argentina,2019,-0.287
Ethiopia,1993,-3.397
Ethiopia,1994,-3.397
Ethiopia,1995,-1.878
Ethiopia,1996,-1.878
Ethiopia,1997,-1.878
Ethiopia,1998,-1.878
Ethiopia,1999,-1.878
Ethiopia,2000,0.517
Ethiopia,2001,0.517
Ethiopia,2002,0.517
Ethiopia,2003,0.517
Ethiopia,2004,0.517
Ethiopia,2005,0.517
Ethiopia,2006,0.448
Ethiopia,2007,0.448
Ethiopia,2008,0.448
Ethiopia,2009,0.448
Ethiopia,2010,0.448
Ethiopia,2011,0.448
Ethiopia,2012,0.448
Ethiopia,2013,0.432
Ethiopia,2014,0.432
Ethiopia,2015,0.432
Ethiopia,2016,0.474
Ethiopia,2017,0.476
Ethiopia,2018,0.407
Ethiopia,2019,0.455
India,1994,-4.001
India,1995,-2.7
India,1996,0.426
India,1997,0.398
India,1998,0.398
India,1999,0.398
India,2000,0.398
India,2001,0.398
India,2002,0.398
India,2003,0.398
India,2004,0.398
India,2005,0.398
India,2006,0.398
India,2007,0.398
India,2008,0.466
India,2009,0.466
India,2010,0.466
India,2011,0.466
India,2012,0.462
India,2013,0.474
India,2014,0.4
India,2015,0.431
India,2016,0.431
India,2017,0.472
India,2018,0.458
India,2019,0.429
Kenya,1993,-2.485
Kenya,1994,-2.329
Kenya,1995,-2.306
Kenya,1996,-2.324
Kenya,1997,-2.323
Kenya,1998,-1.422
Kenya,1999,-1.422
Kenya,2000,0.549
Kenya,2001,0.549
Kenya,2002,0.466
Kenya,2003,0.494
Kenya,2004,0.454
Kenya,2005,0.452
Kenya,2006,0.452
Kenya,2007,0.452
Kenya,2008,0.452
Kenya,2009,0.452
Kenya,2010,0.531
Kenya,2011,0.531
Kenya,2012,0.508
Kenya,2013,0.42
Kenya,2014,0.462
Kenya,2015,0.462
Kenya,2016,0.473
Kenya,2017,0.419
Kenya,2018,0.45
Kenya,2019,0.45
North Korea,2010,-3.783
North Korea,2011,-3.783
North Korea,2012,-3.783
North Korea,2013,-1.773
North Korea,2014,-1.773
North Korea,2015,-1.773
North Korea,2016,-1.773
North Korea,2017,-1.764
North Korea,2018,-1.775
North Korea,2019,0.384
South Korea,1993,0.472
South Korea,1994,0.472
South Korea,1995,0.472
South Korea,1996,0.472
South Korea,1997,0.472
South Korea,1998,0.472
South Korea,1999,0.472
South Korea,2000,0.472
South Korea,2001,0.472
South Korea,2002,0.472
South Korea,2003,0.472
South Korea,2004,0.472
South Korea,2005,0.472
South Korea,2006,0.472
South Korea,2007,0.472
South Korea,2008,0.488
South Korea,2009,0.488
South Korea,2010,0.488
South Korea,2011,0.488
South Korea,2012,0.488
South Korea,2013,0.488
South Korea,2014,0.438
South Korea,2015,0.454
South Korea,2016,0.454
South Korea,2017,0.447
South Korea,2018,0.419
South Korea,2019,0.379
Kosovo,1999,0.433
Kosovo,2000,-1.722
Kosovo,2001,-1.722
Kosovo,2002,-1.722
Kosovo,2003,-1.722
Kosovo,2004,-1.722
Kosovo,2005,-1.722
Kosovo,2006,-1.722
Kosovo,2007,-1.722
Kosovo,2008,0.402
Kosovo,2009,0.402
Kosovo,2010,0.426
Kosovo,2011,0.426
Kosovo,2012,0.426
Kosovo,2013,0.44
Kosovo,2014,0.44
Kosovo,2015,0.454
Kosovo,2016,0.416
Kosovo,2017,0.477
Kosovo,2018,0.43
Kosovo,2019,0.438
Lebanon,1993,0.402
Lebanon,1994,0.402
Lebanon,1995,0.402
Lebanon,1996,0.402
Lebanon,1997,0.402
Lebanon,1998,0.402
Lebanon,1999,0.402
Lebanon,2000,0.439
Lebanon,2001,0.439
Lebanon,2002,0.439
Lebanon,2003,0.439
Lebanon,2004,0.439
Lebanon,2005,0.439
Lebanon,2006,0.477
Lebanon,2007,0.477
Lebanon,2008,0.477
Lebanon,2009,0.362
Lebanon,2010,0.362
Lebanon,2011,0.443
Lebanon,2012,0.466
Lebanon,2013,0.409
Lebanon,2014,0.485
Lebanon,2015,0.474
Lebanon,2016,0.458
Lebanon,2017,0.482
Lebanon,2018,0.434
Lebanon,2019,0.441
Nigeria,1993,0.417
Nigeria,1994,0.417
Nigeria,1995,0.417
Nigeria,1996,0.417
Nigeria,1997,0.417
Nigeria,1998,0.417
Nigeria,1999,0.417
Nigeria,2000,0.417
Nigeria,2001,0.417
Nigeria,2002,0.417
Nigeria,2003,0.417
Nigeria,2004,0.417
Nigeria,2005,0.417
Nigeria,2006,0.417
Nigeria,2007,0.417
Nigeria,2008,0.417
Nigeria,2009,0.417
Nigeria,2010,0.417
Nigeria,2011,0.417
Nigeria,2012,0.417
Nigeria,2013,0.391
Nigeria,2014,0.391
Nigeria,2015,0.433
Nigeria,2016,0.433
Nigeria,2017,0.479
Nigeria,2018,0.398
Nigeria,2019,0.39
Philippines,1993,-3.089
Philippines,1994,-1.482
Philippines,1995,-1.482
Philippines,1996,0.479
Philippines,1997,0.479
Philippines,1998,0.479
Philippines,1999,0.479
Philippines,2000,0.479
Philippines,2001,0.479
Philippines,2002,0.479
Philippines,2003,0.479
Philippines,2004,0.479
Philippines,2005,0.479
Philippines,2006,0.479
Philippines,2007,0.479
Philippines,2008,0.479
Philippines,2009,0.479
Philippines,2010,0.541
Philippines,2011,0.541
Philippines,2012,0.541
Philippines,2013,0.541
Philippines,2014,0.541
Philippines,2015,0.454
Philippines,2016,0.473
Philippines,2017,0.427
Philippines,2018,0.427
Philippines,2019,0.427
Tanzania,1995,-3.8
Tanzania,1996,-1.747
Tanzania,1997,-1.747
Tanzania,1998,-1.747
Tanzania,1999,-1.747
Tanzania,2000,0.535
Tanzania,2001,0.535
Tanzania,2002,0.535
Tanzania,2003,0.535
Tanzania,2004,0.535
Tanzania,2005,0.535
Tanzania,2006,0.535
Tanzania,2007,0.535
Tanzania,2008,0.535
Tanzania,2009,0.535
Tanzania,2010,0.534
Tanzania,2011,0.534
Tanzania,2012,0.534
Tanzania,2013,0.534
Tanzania,2014,0.534
Tanzania,2015,0.481
Tanzania,2016,0.518
Tanzania,2017,0.513
Tanzania,2018,0.51
Tanzania,2019,0.516
Taiwan,1993,-1.392
Taiwan,1994,-1.392
Taiwan,1995,0.451
Taiwan,1996,0.451
Taiwan,1997,0.481
Taiwan,1998,0.481
Taiwan,1999,0.481
Taiwan,2000,0.481
Taiwan,2001,0.481
Taiwan,2002,0.481
Taiwan,2003,0.481
Taiwan,2004,0.481
Taiwan,2005,0.481
Taiwan,2006,0.481
Taiwan,2007,0.481
Taiwan,2008,0.481
Taiwan,2009,0.481
Taiwan,2010,0.481
Taiwan,2011,0.481
Taiwan,2012,0.481
Taiwan,2013,0.436
Taiwan,2014,0.436
Taiwan,2015,0.436
Taiwan,2016,0.469
Taiwan,2017,0.448
Taiwan,2018,0.479
Taiwan,2019,0.432
Thailand,1996,0.456
Thailand,1997,0.456
Thailand,1998,0.456
Thailand,1999,0.456
Thailand,2000,0.456
Thailand,2001,0.456
Thailand,2002,0.456
Thailand,2003,0.456
Thailand,2004,0.456
Thailand,2005,0.456
Thailand,2006,0.444
Thailand,2007,0.444
Thailand,2008,0.468
Thailand,2009,0.481
Thailand,2010,0.447
Thailand,2011,0.447
Thailand,2012,0.447
Thailand,2013,0.454
Thailand,2014,0.506
Thailand,2015,0.506
Thailand,2016,0.461
Thailand,2017,0.378
Thailand,2018,0.41
Thailand,2019,0.41
Uganda,1994,-2.084
Uganda,1995,-2.084
Uganda,1996,0.395
Uganda,1997,0.395
Uganda,1998,0.395
Uganda,1999,0.395
Uganda,2000,0.474
Uganda,2001,0.474
Uganda,2002,0.474
Uganda,2003,0.474
Uganda,2004,0.474
Uganda,2005,0.474
Uganda,2006,0.464
Uganda,2007,0.461
Uganda,2008,0.461
Uganda,2009,0.461
Uganda,2010,0.509
Uganda,2011,0.509
Uganda,2012,0.509
Uganda,2013,0.452
Uganda,2014,0.452
Uganda,2015,0.452
Uganda,2016,0.499
Uganda,2017,0.442
Uganda,2018,0.408
Uganda,2019,0.354
Venezuela,1993,-2.068
Venezuela,1994,0.409
Venezuela,1995,0.409
Venezuela,1996,0.409
Venezuela,1997,0.409
Venezuela,1998,0.409
Venezuela,1999,0.409
Venezuela,2000,0.409
Venezuela,2001,0.409
Venezuela,2002,0.409
Venezuela,2003,0.409
Venezuela,2004,0.409
Venezuela,2005,0.409
Venezuela,2006,0.438
Venezuela,2007,0.456
Venezuela,2008,0.547
Venezuela,2009,0.456
Venezuela,2010,0.507
Venezuela,2011,0.507
Venezuela,2012,0.459
Venezuela,2013,0.481
Venezuela,2014,0.456
Venezuela,2015,0.463
Venezuela,2016,0.452
Venezuela,2017,0.493
Venezuela,2018,0.48
Venezuela,2019,0.465
Benin,1995,-3.463
Benin,1996,-2.469
Benin,1997,-2.469
Benin,1998,-2.469
Benin,1999,-2.469
Benin,2000,0.436
Benin,2001,0.436
Benin,2002,0.436
Benin,2003,0.436
Benin,2004,0.436
Benin,2005,0.436
Benin,2006,0.436
Benin,2007,0.436
Benin,2008,0.436
Benin,2009,0.431
Benin,2010,0.431
Benin,2011,0.405
Benin,2012,0.405
Benin,2013,0.475
Benin,2014,0.475
Benin,2015,0.475
Benin,2016,0.436
Benin,2017,0.476
Benin,2018,0.465
Benin,2019,0.407
Bhutan,1999,0.418
Bhutan,2000,0.42
Bhutan,2001,0.42
Bhutan,2002,-1.477
Bhutan,2003,-1.477
Bhutan,2004,-1.477
Bhutan,2005,-1.477
Bhutan,2006,-1.477
Bhutan,2007,-1.477
Bhutan,2008,-1.477
Bhutan,2009,0.453
Bhutan,2010,0.407
Bhutan,2011,0.407
Bhutan,2012,0.407
Bhutan,2013,0.467
Bhutan,2014,0.467
Bhutan,2015,0.467
Bhutan,2016,0.414
Bhutan,2017,0.473
Bhutan,2018,0.47
Bhutan,2019,0.47
Burkina Faso,1993,-1.83
Burkina Faso,1994,-1.83
Burkina Faso,1995,0.449
Burkina Faso,1996,0.449
Burkina Faso,1997,0.449
Burkina Faso,1998,0.449
Burkina Faso,1999,0.449
Burkina Faso,2000,0.449
Burkina Faso,2001,0.449
Burkina Faso,2002,0.449
Burkina Faso,2003,0.449
Burkina Faso,2004,0.449
Burkina Faso,2005,0.449
Burkina Faso,2006,0.449
Burkina Faso,2007,0.449
Burkina Faso,2008,0.449
Burkina Faso,2009,0.449
Burkina Faso,2010,0.507
Burkina Faso,2011,0.507
Burkina Faso,2012,0.507
Burkina Faso,2013,0.457
Burkina Faso,2014,0.457
Burkina Faso,2015,0.446
Burkina Faso,2016,0.436
Burkina Faso,2017,0.473
Burkina Faso,2018,0.439
Burkina Faso,2019,0.439
Cambodia,1993,-2.945
Cambodia,1994,0.429
Cambodia,1995,0.429
Cambodia,1996,0.429
Cambodia,1997,0.429
Cambodia,1998,0.429
Cambodia,1999,0.429
Cambodia,2000,0.429
Cambodia,2001,0.429
Cambodia,2002,0.429
Cambodia,2003,0.429
Cambodia,2004,0.429
Cambodia,2005,0.429
Cambodia,2006,0.429
Cambodia,2007,0.429
Cambodia,2008,0.501
Cambodia,2009,0.501
Cambodia,2010,0.501
Cambodia,2011,0.501
Cambodia,2012,0.501
Cambodia,2013,0.451
Cambodia,2014,0.451
Cambodia,2015,0.451
Cambodia,2016,0.451
Cambodia,2017,0.428
Cambodia,2018,0.428
Cambodia,2019,0.428
Indonesia,1993,-1.972
Indonesia,1994,-1.972
Indonesia,1995,-1.972
Indonesia,1996,-1.972
Indonesia,1997,-1.972
Indonesia,1998,0.393
Indonesia,1999,0.466
Indonesia,2000,0.469
Indonesia,2001,0.469
Indonesia,2002,0.469
Indonesia,2003,0.469
Indonesia,2004,0.469
Indonesia,2005,0.469
Indonesia,2006,0.469
Indonesia,2007,0.469
Indonesia,2008,0.469
Indonesia,2009,0.469
Indonesia,2010,0.44
Indonesia,2011,0.44
Indonesia,2012,0.44
Indonesia,2013,0.491
Indonesia,2014,0.491
Indonesia,2015,0.461
Indonesia,2016,0.461
Indonesia,2017,0.496
Indonesia,2018,0.425
Indonesia,2019,0.446
Mozambique,1994,-1.747
Mozambique,1995,0.41
Mozambique,1996,0.41
Mozambique,1997,0.41
Mozambique,1998,0.41
Mozambique,1999,0.41
Mozambique,2000,0.41
Mozambique,2001,0.41
Mozambique,2002,0.41
Mozambique,2003,0.41
Mozambique,2004,0.41
Mozambique,2005,0.503
Mozambique,2006,0.503
Mozambique,2007,0.503
Mozambique,2008,0.503
Mozambique,2009,0.503
Mozambique,2010,0.503
Mozambique,2011,0.503
Mozambique,2012,0.503
Mozambique,2013,0.483
Mozambique,2014,0.483
Mozambique,2015,0.483
Mozambique,2016,0.421
Mozambique,2017,0.444
Mozambique,2018,0.433
Mozambique,2019,0.408
Nepal,1993,-3.149
Nepal,1994,-3.149
Nepal,1995,0.464
Nepal,1996,0.464
Nepal,1997,0.464
Nepal,1998,0.464
Nepal,1999,0.464
Nepal,2000,0.464
Nepal,2001,0.464
Nepal,2002,0.474
Nepal,2003,0.474
Nepal,2004,0.474
Nepal,2005,0.474
Nepal,2006,0.433
Nepal,2007,0.436
Nepal,2008,0.436
Nepal,2009,0.46
Nepal,2010,0.466
Nepal,2011,0.466
Nepal,2012,0.452
Nepal,2013,0.426
Nepal,2014,0.426
Nepal,2015,0.499
Nepal,2016,0.437
Nepal,2017,0.444
Nepal,2018,0.439
Nepal,2019,0.441
Nicaragua,1993,-2.427
Nicaragua,1994,-2.427
Nicaragua,1995,-2.88
Nicaragua,1996,-2.88
Nicaragua,1997,-1.576
Nicaragua,1998,-1.576
Nicaragua,1999,-1.576
Nicaragua,2000,-1.576
Nicaragua,2001,-1.576
Nicaragua,2002,-1.576
Nicaragua,2003,-1.576
Nicaragua,2004,-1.576
Nicaragua,2005,-1.576
Nicaragua,2006,-1.576
Nicaragua,2007,-1.563
Nicaragua,2008,-1.563
Nicaragua,2009,-1.563
Nicaragua,2010,-1.563
Nicaragua,2011,-1.563
Nicaragua,2012,-1.563
Nicaragua,2013,-0.506
Nicaragua,2014,-0.506
Nicaragua,2015,-0.506
Nicaragua,2016,-0.506
Nicaragua,2017,-0.338
Nicaragua,2018,-0.406
Nicaragua,2019,-0.664
Niger,1998,-3.365
Niger,1999,-3.329
Niger,2000,0.394
Niger,2001,0.448
Niger,2002,0.428
Niger,2003,0.432
Niger,2004,0.441
Niger,2005,0.479
Niger,2006,0.444
Niger,2007,0.44
Niger,2008,0.467
Niger,2009,0.467
Niger,2010,0.409
Niger,2011,0.449
Niger,2012,0.433
Niger,2013,0.483
Niger,2014,0.483
Niger,2015,0.483
Niger,2016,0.483
Niger,2017,0.467
Niger,2018,0.432
Niger,2019,0.414
Zambia,1994,-2.843
Zambia,1995,-1.891
Zambia,1996,-1.891
Zambia,1997,-1.891
Zambia,1998,-1.891
Zambia,1999,-1.891
Zambia,2000,0.439
Zambia,2001,0.439
Zambia,2002,0.439
Zambia,2003,0.439
Zambia,2004,0.439
Zambia,2005,0.444
Zambia,2006,0.444
Zambia,2007,0.444
Zambia,2008,0.445
Zambia,2009,0.445
Zambia,2010,0.506
Zambia,2011,0.477
Zambia,2012,0.44
Zambia,2013,0.489
Zambia,2014,0.489
Zambia,2015,0.488
Zambia,2016,0.474
Zambia,2017,0.5
Zambia,2018,0.516
Zambia,2019,0.437
Zimbabwe,1993,-3.723
Zimbabwe,1994,-3.723
Zimbabwe,1995,-3.723
Zimbabwe,1996,-3.723
Zimbabwe,1997,-3.723
Zimbabwe,1998,-3.723
Zimbabwe,1999,-3.723
Zimbabwe,2000,0.408
Zimbabwe,2001,0.408
Zimbabwe,2002,0.408
Zimbabwe,2003,0.408
Zimbabwe,2004,0.408
Zimbabwe,2005,0.408
Zimbabwe,2006,0.463
Zimbabwe,2007,0.468
Zimbabwe,2008,0.468
Zimbabwe,2009,0.501
Zimbabwe,2010,0.476
Zimbabwe,2011,0.476
Zimbabwe,2012,0.476
Zimbabwe,2013,0.468
Zimbabwe,2014,0.468
Zimbabwe,2015,0.451
Zimbabwe,2016,0.451
Zimbabwe,2017,0.456
Zimbabwe,2018,0.37
Zimbabwe,2019,0.37
Guinea,1997,-3.661
Guinea,1998,-2.221
Guinea,1999,0.381
Guinea,2000,0.381
Guinea,2001,0.381
Guinea,2002,0.381
Guinea,2003,0.381
Guinea,2004,0.441
Guinea,2005,0.441
Guinea,2006,0.39
Guinea,2007,0.447
Guinea,2008,0.471
Guinea,2009,0.402
Guinea,2010,0.45
Guinea,2011,0.45
Guinea,2012,0.45
Guinea,2013,0.462
Guinea,2014,0.462
Guinea,2015,0.462
Guinea,2016,0.462
Guinea,2017,0.475
Guinea,2018,0.486
Guinea,2019,0.397
Cote d'Ivoire,1996,-3.101
Cote d'Ivoire,1997,-3.116
Cote d'Ivoire,1998,0.438
Cote d'Ivoire,1999,0.438
Cote d'Ivoire,2000,0.45
Cote d'Ivoire,2001,0.45
Cote d'Ivoire,2002,0.45
Cote d'Ivoire,2003,0.45
Cote d'Ivoire,2004,0.45
Cote d'Ivoire,2005,0.45
Cote d'Ivoire,2006,0.45
Cote d'Ivoire,2007,0.45
Cote d'Ivoire,2008,0.45
Cote d'Ivoire,2009,0.45
Cote d'Ivoire,2010,0.449
Cote d'Ivoire,2011,0.487
Cote d'Ivoire,2012,0.452
Cote d'Ivoire,2013,0.48
Cote d'Ivoire,2014,0.48
Cote d'Ivoire,2015,0.48
Cote d'Ivoire,2016,0.48
Cote d'Ivoire,2017,0.411
Cote d'Ivoire,2018,0.412
Cote d'Ivoire,2019,0.412
Mauritania,1993,0.422
Mauritania,1994,0.422
Mauritania,1995,0.422
Mauritania,1996,0.422
Mauritania,1997,0.422
Mauritania,1998,0.422
Mauritania,1999,0.422
Mauritania,2000,0.422
Mauritania,2001,0.43
Mauritania,2002,0.43
Mauritania,2003,0.43
Mauritania,2004,0.43
Mauritania,2005,0.43
Mauritania,2006,0.43
Mauritania,2007,0.43
Mauritania,2008,0.43
Mauritania,2009,0.43
Mauritania,2010,0.43
Mauritania,2011,0.43
Mauritania,2012,0.43
Mauritania,2013,0.382
Mauritania,2014,0.382
Mauritania,2015,0.382
Mauritania,2016,0.382
Mauritania,2017,0.422
Mauritania,2018,0.429
Mauritania,2019,0.404
Canada,1993,0.463
Canada,1994,0.463
Canada,1995,0.463
Canada,1996,0.463
Canada,1997,0.463
Canada,1998,0.463
Canada,1999,0.463
Canada,2000,0.463
Canada,2001,0.463
Canada,2002,0.463
Canada,2003,0.463
Canada,2004,0.463
Canada,2005,0.463
Canada,2006,0.417
Canada,2007,0.473
Canada,2008,0.47
Canada,2009,0.442
Canada,2010,0.473
Canada,2011,0.473
Canada,2012,0.452
Canada,2013,0.463
Canada,2014,0.463
Canada,2015,0.448
Canada,2016,0.443
Canada,2017,0.433
Canada,2018,0.448
Canada,2019,0.451
Australia,1993,0.505
Australia,1994,0.505
Australia,1995,0.505
Australia,1996,0.505
Australia,1997,0.505
Australia,1998,0.505
Australia,1999,0.505
Australia,2000,0.505
Australia,2001,0.505
Australia,2002,0.505
Australia,2003,0.505
Australia,2004,0.505
Australia,2005,0.505
Australia,2006,0.505
Australia,2007,0.505
Australia,2008,0.505
Australia,2009,0.505
Australia,2010,0.505
Australia,2011,0.505
Australia,2012,0.505
Australia,2013,0.516
Australia,2014,0.516
Australia,2015,0.416
Australia,2016,0.508
Australia,2017,0.444
Australia,2018,0.461
Australia,2019,0.419
Botswana,1993,0.477
Botswana,1994,0.477
Botswana,1995,0.477
Botswana,1996,0.477
Botswana,1997,0.477
Botswana,1998,0.477
Botswana,1999,0.477
Botswana,2000,0.477
Botswana,2001,0.477
Botswana,2002,0.477
Botswana,2003,0.477
Botswana,2004,0.477
Botswana,2005,0.477
Botswana,2006,0.477
Botswana,2007,0.477
Botswana,2008,0.477
Botswana,2009,0.477
Botswana,2010,0.477
Botswana,2011,0.477
Botswana,2012,0.477
Botswana,2013,0.438
Botswana,2014,0.438
Botswana,2015,0.497
Botswana,2016,0.497
Botswana,2017,0.431
Botswana,2018,0.51
Botswana,2019,0.479
Burundi,1997,-3.731
Burundi,1998,-3.731
Burundi,1999,-3.731
Burundi,2000,-3.731
Burundi,2001,0.435
Burundi,2002,0.435
Burundi,2003,0.435
Burundi,2004,0.435
Burundi,2005,0.435
Burundi,2006,0.435
Burundi,2007,0.435
Burundi,2008,0.435
Burundi,2009,0.435
Burundi,2010,0.435
Burundi,2011,0.435
Burundi,2012,0.435
Burundi,2013,0.478
Burundi,2014,0.478
Burundi,2015,0.403
Burundi,2016,0.428
Burundi,2017,0.468
Burundi,2018,0.441
Burundi,2019,0.444
Cape Verde,1993,-3.052
Cape Verde,1994,-3.052
Cape Verde,1995,-3.052
Cape Verde,1996,-1.653
Cape Verde,1997,0.498
Cape Verde,1998,0.498
Cape Verde,1999,0.498
Cape Verde,2000,0.498
Cape Verde,2001,0.498
Cape Verde,2002,0.482
Cape Verde,2003,0.482
Cape Verde,2004,0.482
Cape Verde,2005,0.482
Cape Verde,2006,0.482
Cape Verde,2007,0.482
Cape Verde,2008,0.482
Cape Verde,2009,0.482
Cape Verde,2010,0.482
Cape Verde,2011,0.482
Cape Verde,2012,0.482
Cape Verde,2013,0.461
Cape Verde,2014,0.461
Cape Verde,2015,0.398
Cape Verde,2016,0.398
Cape Verde,2017,0.472
Cape Verde,2018,0.436
Cape Verde,2019,0.445
Central African Republic,1996,-3.759
Central African Republic,1997,-3.759
Central African Republic,1998,-3.759
Central African Republic,1999,-3.759
Central African Republic,2000,-1.738
Central African Republic,2001,-1.738
Central African Republic,2002,-1.738
Central African Republic,2003,-1.738
Central African Republic,2004,-1.738
Central African Republic,2005,-1.738
Central African Republic,2006,-1.738
Central African Republic,2007,-1.738
Central African Republic,2008,-1.738
Central African Republic,2009,-1.738
Central African Republic,2010,-1.738
Central African Republic,2011,-1.738
Central African Republic,2012,-1.738
Central African Republic,2013,-0.496
Central African Republic,2014,-0.495
Central African Republic,2015,-0.478
Central African Republic,2016,-0.478
Central African Republic,2017,-0.471
Central African Republic,2018,-0.385
Central African Republic,2019,-0.478
Chile,1993,-3.66
Chile,1994,-3.66
Chile,1995,-2.141
Chile,1996,-2.141
Chile,1997,0.483
Chile,1998,0.483
Chile,1999,0.483
Chile,2000,0.483
Chile,2001,0.483
Chile,2002,0.483
Chile,2003,0.483
Chile,2004,0.483
Chile,2005,0.483
Chile,2006,0.483
Chile,2007,0.483
Chile,2008,0.483
Chile,2009,0.483
Chile,2010,0.483
Chile,2011,0.483
Chile,2012,0.483
Chile,2013,0.367
Chile,2014,0.367
Chile,2015,0.367
Chile,2016,0.367
Chile,2017,0.471
Chile,2018,0.457
Chile,2019,0.498
Costa Rica,1993,0.448
Costa Rica,1994,0.448
Costa Rica,1995,0.448
Costa Rica,1996,0.448
Costa Rica,1997,0.448
Costa Rica,1998,0.448
Costa Rica,1999,0.448
Costa Rica,2000,0.449
Costa Rica,2001,0.449
Costa Rica,2002,0.449
Costa Rica,2003,0.449
Costa Rica,2004,0.449
Costa Rica,2005,0.449
Costa Rica,2006,0.449
Costa Rica,2007,0.449
Costa Rica,2008,0.449
Costa Rica,2009,0.449
Costa Rica,2010,0.449
Costa Rica,2011,0.449
Costa Rica,2012,0.449
Costa Rica,2013,0.449
Costa Rica,2014,0.449
Costa Rica,2015,0.434
Costa Rica,2016,0.411
Costa Rica,2017,0.419
Costa Rica,2018,0.449
Costa Rica,2019,0.407
Timor,2002,0.44
Timor,2003,0.44
Timor,2004,0.44
Timor,2005,0.44
Timor,2006,0.44
Timor,2007,0.44
Timor,2008,0.44
Timor,2009,0.44
Timor,2010,0.44
Timor,2011,0.44
Timor,2012,0.44
Timor,2013,0.44
Timor,2014,0.44
Timor,2015,0.487
Timor,2016,0.454
Timor,2017,0.451
Timor,2018,0.463
Timor,2019,0.427
Ecuador,1993,0.447
Ecuador,1994,0.447
Ecuador,1995,0.447
Ecuador,1996,0.447
Ecuador,1997,0.447
Ecuador,1998,0.447
Ecuador,1999,0.447
Ecuador,2000,0.447
Ecuador,2001,0.447
Ecuador,2002,0.447
Ecuador,2003,0.447
Ecuador,2004,0.447
Ecuador,2005,0.447
Ecuador,2006,0.447
Ecuador,2007,0.464
Ecuador,2008,0.464
Ecuador,2009,0.464
Ecuador,2010,0.464
Ecuador,2011,0.464
Ecuador,2012,0.464
Ecuador,2013,0.435
Ecuador,2014,0.435
Ecuador,2015,0.435
Ecuador,2016,0.435
Ecuador,2017,0.425
Ecuador,2018,0.451
Ecuador,2019,0.451
France,1993,-3.128
France,1994,-3.128
France,1995,0.47
France,1996,0.47
France,1997,0.47
France,1998,0.47
France,1999,0.47
France,2000,0.47
France,2001,0.47
France,2002,0.47
France,2003,0.47
France,2004,0.47
France,2005,0.47
France,2006,0.47
France,2007,0.47
France,2008,0.47
France,2009,0.47
France,2010,0.47
France,2011,0.47
France,2012,0.47
France,2013,0.47
France,2014,0.47
France,2015,0.47
France,2016,0.47
France,2017,0.479
France,2018,0.5
France,2019,0.485
Germany,1993,0.431
Germany,1994,0.431
Germany,1995,0.431
Germany,1996,0.431
Germany,1997,0.431
Germany,1998,0.431
Germany,1999,0.431
Germany,2000,0.431
Germany,2001,0.431
Germany,2002,0.431
Germany,2003,0.431
Germany,2004,0.431
Germany,2005,0.431
Germany,2006,0.431
Germany,2007,0.431
Germany,2008,0.431
Germany,2009,0.431
Germany,2010,0.431
Germany,2011,0.431
Germany,2012,0.431
Germany,2013,0.431
Germany,2014,0.431
Germany,2015,0.421
Germany,2016,0.421
Germany,2017,0.378
Germany,2018,0.477
Germany,2019,0.41
Guatemala,1993,-2.961
Guatemala,1994,-2.961
Guatemala,1995,-1.753
Guatemala,1996,0.453
Guatemala,1997,0.453
Guatemala,1998,0.453
Guatemala,1999,0.453
Guatemala,2000,0.453
Guatemala,2001,0.453
Guatemala,2002,0.453
Guatemala,2003,0.453
Guatemala,2004,0.453
Guatemala,2005,0.453
Guatemala,2006,0.453
Guatemala,2007,0.453
Guatemala,2008,0.453
Guatemala,2009,0.453
Guatemala,2010,0.453
Guatemala,2011,0.453
Guatemala,2012,0.453
Guatemala,2013,0.492
Guatemala,2014,0.492
Guatemala,2015,0.484
Guatemala,2016,0.484
Guatemala,2017,0.436
Guatemala,2018,0.451
Guatemala,2019,0.454
Iran,1993,-1.891
Iran,1994,-1.891
Iran,1995,-1.891
Iran,1996,-1.891
Iran,1997,-1.891
Iran,1998,0.402
Iran,1999,0.402
Iran,2000,0.402
Iran,2001,0.361
Iran,2002,0.361
Iran,2003,0.361
Iran,2004,0.484
Iran,2005,0.484
Iran,2006,0.484
Iran,2007,0.484
Iran,2008,0.484
Iran,2009,0.484
Iran,2010,0.51
Iran,2011,0.51
Iran,2012,0.51
Iran,2013,0.389
Iran,2014,0.389
Iran,2015,0.389
Iran,2016,0.444
Iran,2017,-1.856
Iran,2018,0.427
Iran,2019,0.427
Iraq,1995,-3.233
Iraq,1996,-3.233
Iraq,1997,-3.233
Iraq,1998,-3.233
Iraq,1999,-3.233
Iraq,2000,-1.614
Iraq,2001,-1.614
Iraq,2002,-1.614
Iraq,2003,0.486
Iraq,2004,0.486
Iraq,2005,0.486
Iraq,2006,0.486
Iraq,2007,0.486
Iraq,2008,0.486
Iraq,2009,0.486
Iraq,2010,0.477
Iraq,2011,0.477
Iraq,2012,0.477
Iraq,2013,0.418
Iraq,2014,0.418
Iraq,2015,0.418
Iraq,2016,0.425
Iraq,2017,0.433
Iraq,2018,0.424
Iraq,2019,0.423
Ireland,1993,-3.597
Ireland,1994,-2.114
Ireland,1995,-2.07
Ireland,1996,-2.07
Ireland,1997,-2.07
Ireland,1998,0.46
Ireland,1999,0.46
Ireland,2000,0.46
Ireland,2001,0.46
Ireland,2002,0.46
Ireland,2003,0.46
Ireland,2004,0.46
Ireland,2005,0.46
Ireland,2006,0.46
Ireland,2007,0.46
Ireland,2008,0.46
Ireland,2009,0.46
Ireland,2010,0.46
Ireland,2011,0.46
Ireland,2012,0.421
Ireland,2013,0.458
Ireland,2014,0.458
Ireland,2015,0.458
Ireland,2016,0.458
Ireland,2017,0.401
Ireland,2018,0.45
Ireland,2019,0.411
Italy,1993,-2.385
Italy,1994,-2.385
Italy,1995,0.432
Italy,1996,0.432
Italy,1997,0.432
Italy,1998,0.432
Italy,1999,0.432
Italy,2000,0.432
Italy,2001,0.432
Italy,2002,0.432
Italy,2003,0.432
Italy,2004,0.432
Italy,2005,0.432
Italy,2006,0.432
Italy,2007,0.432
Italy,2008,0.432
Italy,2009,0.432
Italy,2010,0.432
Italy,2011,0.432
Italy,2012,0.432
Italy,2013,0.481
Italy,2014,0.481
Italy,2015,0.481
Italy,2016,0.481
Italy,2017,0.427
Italy,2018,0.427
Italy,2019,0.488
Jordan,1995,-2.107
Jordan,1996,-2.107
Jordan,1997,-2.107
Jordan,1998,0.444
Jordan,1999,0.444
Jordan,2000,0.444
Jordan,2001,0.444
Jordan,2002,0.444
Jordan,2003,0.444
Jordan,2004,0.444
Jordan,2005,0.444
Jordan,2006,0.444
Jordan,2007,0.444
Jordan,2008,0.444
Jordan,2009,0.475
Jordan,2010,0.475
Jordan,2011,0.475
Jordan,2012,0.465
Jordan,2013,0.412
Jordan,2014,0.412
Jordan,2015,0.412
Jordan,2016,0.453
Jordan,2017,0.401
Jordan,2018,0.447
Jordan,2019,0.437
Latvia,1993,-2.036
Latvia,1994,-2.036
Latvia,1995,-2.036
Latvia,1996,0.398
Latvia,1997,0.398
Latvia,1998,0.398
Latvia,1999,0.475
Latvia,2000,0.46
Latvia,2001,0.46
Latvia,2002,0.46
Latvia,2003,0.46
Latvia,2004,0.46
Latvia,2005,0.46
Latvia,2006,0.46
Latvia,2007,0.46
Latvia,2008,0.46
Latvia,2009,0.46
Latvia,2010,0.46
Latvia,2011,0.46
Latvia,2012,0.46
Latvia,2013,0.41
Latvia,2014,0.41
Latvia,2015,0.41
Latvia,2016,0.407
Latvia,2017,0.464
Latvia,2018,0.413
Latvia,2019,0.406
Lesotho,1994,-3.774
Lesotho,1995,-3.774
Lesotho,1996,-2.161
Lesotho,1997,-2.161
Lesotho,1998,-2.161
Lesotho,1999,0.493
Lesotho,2000,0.493
Lesotho,2001,0.493
Lesotho,2002,0.493
Lesotho,2003,0.493
Lesotho,2004,0.493
Lesotho,2005,0.493
Lesotho,2006,0.493
Lesotho,2007,0.493
Lesotho,2008,0.493
Lesotho,2009,0.493
Lesotho,2010,0.493
Lesotho,2011,0.493
Lesotho,2012,0.493
Lesotho,2013,0.441
Lesotho,2014,0.441
Lesotho,2015,0.476
Lesotho,2016,0.476
Lesotho,2017,0.478
Lesotho,2018,0.393
Lesotho,2019,0.498
Liberia,1996,-3.873
Liberia,1997,-3.873
Liberia,1998,-3.873
Liberia,1999,-3.873
Liberia,2000,-2.063
Liberia,2001,-2.063
Liberia,2002,-2.063
Liberia,2003,-2.063
Liberia,2004,-1.583
Liberia,2005,-1.583
Liberia,2006,0.336
Liberia,2007,0.336
Liberia,2008,0.336
Liberia,2009,0.345
Liberia,2010,0.323
Liberia,2011,0.323
Liberia,2012,0.323
Liberia,2013,0.323
Liberia,2014,0.323
Liberia,2015,0.323
Liberia,2016,0.323
Liberia,2017,0.311
Liberia,2018,0.3
Liberia,2019,0.235
Malawi,1996,-3.845
Malawi,1997,-2.17
Malawi,1998,-2.17
Malawi,1999,-2.17
Malawi,2000,0.486
Malawi,2001,0.486
Malawi,2002,0.486
Malawi,2003,0.486
Malawi,2004,0.486
Malawi,2005,0.486
Malawi,2006,0.468
Malawi,2007,0.468
Malawi,2008,0.468
Malawi,2009,0.468
Malawi,2010,0.525
Malawi,2011,0.522
Malawi,2012,0.511
Malawi,2013,0.497
Malawi,2014,0.497
Malawi,2015,0.506
Malawi,2016,0.44
Malawi,2017,0.525
Malawi,2018,0.464
Malawi,2019,0.478
Maldives,2000,-2.007
Maldives,2001,0.429
Maldives,2002,0.429
Maldives,2003,0.429
Maldives,2004,0.429
Maldives,2005,0.458
Maldives,2006,0.427
Maldives,2007,0.427
Maldives,2008,0.427
Maldives,2009,0.421
Maldives,2010,0.421
Maldives,2011,0.421
Maldives,2012,0.387
Maldives,2013,0.426
Maldives,2014,0.426
Maldives,2015,0.337
Maldives,2016,0.457
Maldives,2017,0.394
Maldives,2018,0.404
Maldives,2019,0.423
Mongolia,1994,-3.366
Mongolia,1995,-3.366
Mongolia,1996,0.482
Mongolia,1997,0.482
Mongolia,1998,0.482
Mongolia,1999,0.482
Mongolia,2000,0.482
Mongolia,2001,0.482
Mongolia,2002,0.482
Mongolia,2003,0.482
Mongolia,2004,0.482
Mongolia,2005,0.482
Mongolia,2006,0.482
Mongolia,2007,0.482
Mongolia,2008,0.457
Mongolia,2009,0.455
Mongolia,2010,0.431
Mongolia,2011,0.431
Mongolia,2012,0.479
Mongolia,2013,0.42
Mongolia,2014,0.42
Mongolia,2015,0.477
Mongolia,2016,0.461
Mongolia,2017,0.476
Mongolia,2018,0.529
Mongolia,2019,0.465
Morocco,1997,-4.097
Morocco,1998,-4.097
Morocco,1999,-4.097
Morocco,2000,0.454
Morocco,2001,0.405
Morocco,2002,0.405
Morocco,2003,0.405
Morocco,2004,0.405
Morocco,2005,0.464
Morocco,2006,0.464
Morocco,2007,0.448
Morocco,2008,0.448
Morocco,2009,0.457
Morocco,2010,0.448
Morocco,2011,0.448
Morocco,2012,0.448
Morocco,2013,0.473
Morocco,2014,0.473
Morocco,2015,0.473
Morocco,2016,0.444
Morocco,2017,0.413
Morocco,2018,0.413
Morocco,2019,0.413
Netherlands,1993,-1.981
Netherlands,1994,-1.981
Netherlands,1995,0.479
Netherlands,1996,0.479
Netherlands,1997,0.479
Netherlands,1998,0.479
Netherlands,1999,0.479
Netherlands,2000,0.479
Netherlands,2001,0.479
Netherlands,2002,0.479
Netherlands,2003,0.479
Netherlands,2004,0.479
Netherlands,2005,0.479
Netherlands,2006,0.479
Netherlands,2007,0.479
Netherlands,2008,0.479
Netherlands,2009,0.479
Netherlands,2010,0.479
Netherlands,2011,0.479
Netherlands,2012,0.479
Netherlands,2013,0.476
Netherlands,2014,0.476
Netherlands,2015,0.521
Netherlands,2016,0.521
Netherlands,2017,0.45
Netherlands,2018,0.45
Netherlands,2019,0.431
Panama,1995,-2.38
Panama,1996,0.421
Panama,1997,0.421
Panama,1998,0.421
Panama,1999,0.421
Panama,2000,0.478
Panama,2001,0.478
Panama,2002,0.478
Panama,2003,0.478
Panama,2004,0.478
Panama,2005,0.478
Panama,2006,0.478
Panama,2007,0.478
Panama,2008,0.478
Panama,2009,0.478
Panama,2010,0.478
Panama,2011,0.478
Panama,2012,0.478
Panama,2013,0.467
Panama,2014,0.467
Panama,2015,0.467
Panama,2016,0.467
Panama,2017,0.419
Panama,2018,0.41
Panama,2019,0.396
Papua New Guinea,1999,-2.345
Papua New Guinea,2000,0.489
Papua New Guinea,2001,0.489
Papua New Guinea,2002,0.489
Papua New Guinea,2003,0.489
Papua New Guinea,2004,0.489
Papua New Guinea,2005,0.489
Papua New Guinea,2006,0.489
Papua New Guinea,2007,0.489
Papua New Guinea,2008,0.489
Papua New Guinea,2009,0.489
Papua New Guinea,2010,0.461
Papua New Guinea,2011,0.461
Papua New Guinea,2012,0.461
Papua New Guinea,2013,0.461
Papua New Guinea,2014,0.444
Papua New Guinea,2015,0.412
Papua New Guinea,2016,0.412
Papua New Guinea,2017,0.419
Papua New Guinea,2018,0.419
Papua New Guinea,2019,0.419
Qatar,1995,-3.346
Qatar,1996,0.419
Qatar,1997,0.419
Qatar,1998,0.419
Qatar,1999,0.419
Qatar,2000,0.419
Qatar,2001,0.419
Qatar,2002,0.419
Qatar,2003,0.419
Qatar,2004,0.419
Qatar,2005,0.419
Qatar,2006,0.419
Qatar,2007,0.407
Qatar,2008,0.407
Qatar,2009,0.407
Qatar,2010,0.477
Qatar,2011,0.477
Qatar,2012,0.489
Qatar,2013,0.465
Qatar,2014,0.465
Qatar,2015,0.465
Qatar,2016,0.428
Qatar,2017,0.373
Qatar,2018,0.429
Qatar,2019,0.424
Sierra Leone,2002,0.45
Sierra Leone,2003,0.45
Sierra Leone,2004,0.45
Sierra Leone,2005,0.45
Sierra Leone,2006,0.45
Sierra Leone,2007,0.45
Sierra Leone,2008,0.45
Sierra Leone,2009,0.45
Sierra Leone,2010,0.45
Sierra Leone,2011,0.45
Sierra Leone,2012,0.466
Sierra Leone,2013,0.462
Sierra Leone,2014,0.462
Sierra Leone,2015,0.462
Sierra Leone,2016,0.396
Sierra Leone,2017,0.458
Sierra Leone,2018,0.408
Sierra Leone,2019,0.421
Spain,1993,-1.893
Spain,1994,-1.893
Spain,1995,-1.893
Spain,1996,0.525
Spain,1997,0.525
Spain,1998,0.525
Spain,1999,0.525
Spain,2000,0.525
Spain,2001,0.525
Spain,2002,0.525
Spain,2003,0.525
Spain,2004,0.525
Spain,2005,0.525
Spain,2006,0.525
Spain,2007,0.525
Spain,2008,0.525
Spain,2009,0.525
Spain,2010,0.525
Spain,2011,0.525
Spain,2012,0.525
Spain,2013,0.506
Spain,2014,0.506
Spain,2015,0.505
Spain,2016,0.505
Spain,2017,0.469
Spain,2018,0.505
Spain,2019,0.463
Syria,2000,0.448
Syria,2001,0.46
Syria,2002,0.46
Syria,2003,0.46
Syria,2004,0.46
Syria,2005,0.46
Syria,2006,0.46
Syria,2007,0.46
Syria,2008,0.46
Syria,2009,0.46
Syria,2010,0.46
Syria,2011,0.424
Syria,2012,0.424
Syria,2013,0.475
Syria,2014,0.475
Syria,2015,0.475
Syria,2016,0.496
Syria,2017,0.457
Syria,2018,0.482
Syria,2019,0.456
Tunisia,1993,-2.661
Tunisia,1994,-2.661
Tunisia,1995,-2.661
Tunisia,1996,-2.661
Tunisia,1997,-2.661
Tunisia,1998,-1.849
Tunisia,1999,0.437
Tunisia,2000,0.437
Tunisia,2001,0.437
Tunisia,2002,0.437
Tunisia,2003,0.437
Tunisia,2004,0.437
Tunisia,2005,0.437
Tunisia,2006,0.437
Tunisia,2007,0.437
Tunisia,2008,0.437
Tunisia,2009,0.437
Tunisia,2010,0.484
Tunisia,2011,0.458
Tunisia,2012,0.469
Tunisia,2013,0.49
Tunisia,2014,0.438
Tunisia,2015,0.409
Tunisia,2016,0.43
Tunisia,2017,0.432
Tunisia,2018,0.432
Tunisia,2019,0.432
Turkey,1993,-1.935
Turkey,1994,-1.935
Turkey,1995,0.442
Turkey,1996,0.442
Turkey,1997,0.442
Turkey,1998,0.442
Turkey,1999,0.465
Turkey,2000,0.465
Turkey,2001,0.465
Turkey,2002,0.465
Turkey,2003,0.465
Turkey,2004,0.465
Turkey,2005,0.465
Turkey,2006,0.449
Turkey,2007,0.436
Turkey,2008,0.427
Turkey,2009,0.497
Turkey,2010,0.452
Turkey,2011,0.452
Turkey,2012,0.486
Turkey,2013,0.466
Turkey,2014,0.479
Turkey,2015,0.479
Turkey,2016,0.457
Turkey,2017,0.437
Turkey,2018,0.42
Turkey,2019,0.48
Ukraine,1993,-4.059
Ukraine,1994,-4.059
Ukraine,1995,-2.325
Ukraine,1996,-2.303
Ukraine,1997,-2.302
Ukraine,1998,-2.257
Ukraine,1999,-2.257
Ukraine,2000,0.457
Ukraine,2001,0.454
Ukraine,2002,0.454
Ukraine,2003,0.468
Ukraine,2004,0.468
Ukraine,2005,0.453
Ukraine,2006,0.49
Ukraine,2007,0.49
Ukraine,2008,0.486
Ukraine,2009,0.422
Ukraine,2010,0.47
Ukraine,2011,0.487
Ukraine,2012,0.461
Ukraine,2013,0.458
Ukraine,2014,0.469
Ukraine,2015,0.47
Ukraine,2016,0.489
Ukraine,2017,0.46
Ukraine,2018,0.472
Ukraine,2019,0.478
United Kingdom,1993,0.445
United Kingdom,1994,0.445
United Kingdom,1995,0.445
United Kingdom,1996,0.445
United Kingdom,1997,0.445
United Kingdom,1998,0.445
United Kingdom,1999,0.445
United Kingdom,2000,0.445
United Kingdom,2001,0.445
United Kingdom,2002,0.445
United Kingdom,2003,0.445
United Kingdom,2004,0.445
United Kingdom,2005,0.445
United Kingdom,2006,0.445
United Kingdom,2007,0.445
United Kingdom,2008,0.445
United Kingdom,2009,0.445
United Kingdom,2010,0.445
United Kingdom,2011,0.445
United Kingdom,2012,0.449
United Kingdom,2013,0.456
United Kingdom,2014,0.456
United Kingdom,2015,0.456
United Kingdom,2016,0.456
United Kingdom,2017,0.436
United Kingdom,2018,0.42
United Kingdom,2019,0.452
Uruguay,1995,-2.285
Uruguay,1996,-2.285
Uruguay,1997,-2.285
Uruguay,1998,0.482
Uruguay,1999,0.482
Uruguay,2000,0.482
Uruguay,2001,0.482
Uruguay,2002,0.482
Uruguay,2003,0.482
Uruguay,2004,0.482
Uruguay,2005,0.482
Uruguay,2006,0.482
Uruguay,2007,0.482
Uruguay,2008,0.482
Uruguay,2009,0.482
Uruguay,2010,0.464
Uruguay,2011,0.464
Uruguay,2012,0.464
Uruguay,2013,0.464
Uruguay,2014,0.464
Uruguay,2015,0.483
Uruguay,2016,0.483
Uruguay,2017,0.483
Uruguay,2018,0.442
Uruguay,2019,0.442
Algeria,1996,-1.172
Algeria,1997,-1.172
Algeria,1998,-1.172
Algeria,1999,-1.172
Algeria,2000,0.518
Algeria,2001,0.518
Algeria,2002,0.518
Algeria,2003,0.518
Algeria,2004,0.518
Algeria,2005,0.518
Algeria,2006,0.518
Algeria,2007,0.518
Algeria,2008,0.518
Algeria,2009,0.518
Algeria,2010,0.518
Algeria,2011,0.518
Algeria,2012,0.518
Algeria,2013,0.431
Algeria,2014,0.431
Algeria,2015,0.431
Algeria,2016,0.412
Algeria,2017,0.388
Algeria,2018,0.436
Algeria,2019,0.461
Angola,1993,0.415
Angola,1994,0.415
Angola,1995,0.415
Angola,1996,0.415
Angola,1997,0.415
Angola,1998,0.415
Angola,1999,0.415
Angola,2000,0.415
Angola,2001,0.415
Angola,2002,0.413
Angola,2003,0.413
Angola,2004,0.413
Angola,2005,0.413
Angola,2006,0.413
Angola,2007,0.413
Angola,2008,0.413
Angola,2009,0.413
Angola,2010,0.413
Angola,2011,0.413
Angola,2012,0.413
Angola,2013,0.463
Angola,2014,0.463
Angola,2015,0.463
Angola,2016,0.463
Angola,2017,0.441
Angola,2018,0.458
Angola,2019,0.458
Armenia,2000,0.459
Armenia,2001,0.459
Armenia,2002,0.459
Armenia,2003,0.459
Armenia,2004,0.459
Armenia,2005,0.459
Armenia,2006,0.459
Armenia,2007,0.459
Armenia,2008,0.461
Armenia,2009,0.458
Armenia,2010,0.458
Armenia,2011,0.458
Armenia,2012,0.458
Armenia,2013,0.485
Armenia,2014,0.485
Armenia,2015,0.485
Armenia,2016,0.506
Armenia,2017,0.489
Armenia,2018,0.442
Armenia,2019,0.507
Azerbaijan,1996,-2.193
Azerbaijan,1997,-2.193
Azerbaijan,1998,-2.193
Azerbaijan,1999,-2.193
Azerbaijan,2000,-2.193
Azerbaijan,2001,-2.1
Azerbaijan,2002,-2.1
Azerbaijan,2003,-1.507
Azerbaijan,2004,-1.507
Azerbaijan,2005,-1.377
Azerbaijan,2006,-1.377
Azerbaijan,2007,-1.377
Azerbaijan,2008,0.443
Azerbaijan,2009,0.443
Azerbaijan,2010,0.443
Azerbaijan,2011,0.443
Azerbaijan,2012,0.443
Azerbaijan,2013,0.454
Azerbaijan,2014,0.454
Azerbaijan,2015,0.454
Azerbaijan,2016,0.406
Azerbaijan,2017,0.414
Azerbaijan,2018,0.42
Azerbaijan,2019,0.42
Belarus,1993,-1.958
Belarus,1994,-1.958
Belarus,1995,-1.958
Belarus,1996,0.477
Belarus,1997,0.485
Belarus,1998,0.485
Belarus,1999,0.485
Belarus,2000,0.462
Belarus,2001,0.462
Belarus,2002,0.462
Belarus,2003,0.462
Belarus,2004,0.462
Belarus,2005,0.462
Belarus,2006,0.462
Belarus,2007,0.462
Belarus,2008,0.462
Belarus,2009,0.462
Belarus,2010,0.505
Belarus,2011,0.505
Belarus,2012,0.505
Belarus,2013,0.458
Belarus,2014,0.458
Belarus,2015,0.458
Belarus,2016,0.458
Belarus,2017,0.411
Belarus,2018,0.455
Belarus,2019,0.377
Cameroon,1993,-3.717
Cameroon,1994,-3.717
Cameroon,1995,-3.717
Cameroon,1996,-2.131
Cameroon,1997,-2.131
Cameroon,1998,0.429
Cameroon,1999,0.429
Cameroon,2000,0.429
Cameroon,2001,0.429
Cameroon,2002,0.429
Cameroon,2003,0.429
Cameroon,2004,0.429
Cameroon,2005,0.429
Cameroon,2006,0.429
Cameroon,2007,0.429
Cameroon,2008,0.429
Cameroon,2009,0.429
Cameroon,2010,0.465
Cameroon,2011,0.465
Cameroon,2012,0.465
Cameroon,2013,0.51
Cameroon,2014,0.51
Cameroon,2015,0.51
Cameroon,2016,0.418
Cameroon,2017,0.469
Cameroon,2018,0.458
Cameroon,2019,0.458
Chad,1997,-3.191
Chad,1998,-3.191
Chad,1999,-3.191
Chad,2000,-3.191
Chad,2001,-1.983
Chad,2002,-1.972
Chad,2003,0.446
Chad,2004,0.446
Chad,2005,0.446
Chad,2006,0.418
Chad,2007,0.418
Chad,2008,0.398
Chad,2009,0.433
Chad,2010,0.433
Chad,2011,0.418
Chad,2012,0.418
Chad,2013,0.35
Chad,2014,0.35
Chad,2015,0.43
Chad,2016,0.433
Chad,2017,0.411
Chad,2018,0.392
Chad,2019,0.425
China,1993,-3.103
China,1994,-1.604
China,1995,-1.604
China,1996,0.472
China,1997,0.472
China,1998,0.472
China,1999,0.472
China,2000,0.522
China,2001,0.522
China,2002,0.522
China,2003,0.522
China,2004,0.522
China,2005,0.522
China,2006,0.522
China,2007,0.522
China,2008,0.522
China,2009,0.522
China,2010,0.488
China,2011,0.488
China,2012,0.462
China,2013,0.479
China,2014,0.479
China,2015,0.516
China,2016,0.533
China,2017,0.539
China,2018,0.542
China,2019,0.485
Democratic Republic of Congo,1993,-2.085
Democratic Republic of Congo,1994,-2.085
Democratic Republic of Congo,1995,-2.085
Democratic Republic of Congo,1996,-2.085
Democratic Republic of Congo,1997,0.435
Democratic Republic of Congo,1998,0.426
Democratic Republic of Congo,1999,0.426
Democratic Republic of Congo,2000,0.469
Democratic Republic of Congo,2001,0.469
Democratic Republic of Congo,2002,0.469
Democratic Republic of Congo,2003,0.469
Democratic Republic of Congo,2004,0.469
Democratic Republic of Congo,2005,0.469
Democratic Republic of Congo,2006,0.469
Democratic Republic of Congo,2007,0.469
Democratic Republic of Congo,2008,0.469
Democratic Republic of Congo,2009,0.469
Democratic Republic of Congo,2010,0.481
Democratic Republic of Congo,2011,0.481
Democratic Republic of Congo,2012,0.463
Democratic Republic of Congo,2013,0.475
Democratic Republic of Congo,2014,0.475
Democratic Republic of Congo,2015,0.47
Democratic Republic of Congo,2016,0.47
Democratic Republic of Congo,2017,0.488
Democratic Republic of Congo,2018,0.482
Democratic Republic of Congo,2019,0.461
Congo,1997,-3.418
Congo,1998,-3.418
Congo,1999,-3.418
Congo,2000,-2.417
Congo,2001,-2.417
Congo,2002,-2.417
Congo,2003,0.457
Congo,2004,0.457
Congo,2005,0.457
Congo,2006,0.457
Congo,2007,0.457
Congo,2008,0.457
Congo,2009,0.457
Congo,2010,0.457
Congo,2011,0.457
Congo,2012,0.457
Congo,2013,0.419
Congo,2014,0.419
Congo,2015,0.419
Congo,2016,0.419
Congo,2017,0.397
Congo,2018,0.412
Congo,2019,0.459
Djibouti,2000,-4.074
Djibouti,2001,-2.648
Djibouti,2002,-2.648
Djibouti,2003,0.454
Djibouti,2004,0.454
Djibouti,2005,0.454
Djibouti,2006,0.454
Djibouti,2007,0.454
Djibouti,2008,0.454
Djibouti,2009,0.454
Djibouti,2010,0.435
Djibouti,2011,0.435
Djibouti,2012,0.435
Djibouti,2013,0.419
Djibouti,2014,0.419
Djibouti,2015,0.419
Djibouti,2016,0.419
Djibouti,2017,0.409
Djibouti,2018,0.467
Djibouti,2019,0.376
Dominican Republic,1993,0.455
Dominican Republic,1994,0.455
Dominican Republic,1995,0.455
Dominican Republic,1996,0.455
Dominican Republic,1997,0.455
Dominican Republic,1998,0.455
Dominican Republic,1999,0.455
Dominican Republic,2000,0.455
Dominican Republic,2001,0.455
Dominican Republic,2002,0.455
Dominican Republic,2003,0.455
Dominican Republic,2004,0.455
Dominican Republic,2005,0.455
Dominican Republic,2006,0.455
Dominican Republic,2007,0.455
Dominican Republic,2008,0.455
Dominican Republic,2009,0.455
Dominican Republic,2010,0.455
Dominican Republic,2011,0.455
Dominican Republic,2012,0.455
Dominican Republic,2013,0.455
Dominican Republic,2014,0.455
Dominican Republic,2015,0.455
Dominican Republic,2016,0.455
Dominican Republic,2017,0.455
Dominican Republic,2018,0.455
Dominican Republic,2019,0.416
Eritrea,1993,-3.364
Eritrea,1994,-2.281
Eritrea,1995,-2.281
Eritrea,1996,-2.281
Eritrea,1997,-2.281
Eritrea,1998,-2.281
Eritrea,1999,-2.281
Eritrea,2000,-2.281
Eritrea,2001,-2.281
Eritrea,2002,-2.281
Eritrea,2003,-1.402
Eritrea,2004,-1.402
Eritrea,2005,-1.402
Eritrea,2006,-1.402
Eritrea,2007,-1.402
Eritrea,2008,-1.402
Eritrea,2009,-1.402
Eritrea,2010,-1.401
Eritrea,2011,-1.401
Eritrea,2012,-1.401
Eritrea,2013,-1.392
Eritrea,2014,-1.392
Eritrea,2015,-1.392
Eritrea,2016,-1.463
Eritrea,2017,-1.498
Eritrea,2018,-1.513
Eritrea,2019,-1.587
Gabon,1996,-4.012
Gabon,1997,0.46
Gabon,1998,0.46
Gabon,1999,0.46
Gabon,2000,0.46
Gabon,2001,0.46
Gabon,2002,0.46
Gabon,2003,0.46
Gabon,2004,0.46
Gabon,2005,0.46
Gabon,2006,0.46
Gabon,2007,0.46
Gabon,2008,0.46
Gabon,2009,0.46
Gabon,2010,0.46
Gabon,2011,0.46
Gabon,2012,0.46
Gabon,2013,0.37
Gabon,2014,0.37
Gabon,2015,0.37
Gabon,2016,0.37
Gabon,2017,0.402
Gabon,2018,0.402
Gabon,2019,0.402
Gambia,1995,-3.712
Gambia,1996,-3.712
Gambia,1997,-3.712
Gambia,1998,-2.126
Gambia,1999,0.469
Gambia,2000,0.483
Gambia,2001,0.483
Gambia,2002,0.483
Gambia,2003,0.483
Gambia,2004,0.483
Gambia,2005,0.483
Gambia,2006,0.483
Gambia,2007,0.483
Gambia,2008,0.483
Gambia,2009,0.483
Gambia,2010,0.483
Gambia,2011,0.483
Gambia,2012,0.483
Gambia,2013,0.411
Gambia,2014,0.411
Gambia,2015,0.411
Gambia,2016,0.411
Gambia,2017,0.493
Gambia,2018,0.485
Gambia,2019,0.454
Georgia,1993,-3.832
Georgia,1994,-2.072
Georgia,1995,-2.063
Georgia,1996,-2.063
Georgia,1997,-2.078
Georgia,1998,-2.078
Georgia,1999,-2.078
Georgia,2000,0.486
Georgia,2001,0.486
Georgia,2002,0.486
Georgia,2003,0.486
Georgia,2004,0.486
Georgia,2005,0.486
Georgia,2006,0.513
Georgia,2007,0.513
Georgia,2008,0.513
Georgia,2009,0.513
Georgia,2010,0.46
Georgia,2011,0.46
Georgia,2012,0.455
Georgia,2013,0.476
Georgia,2014,0.476
Georgia,2015,0.476
Georgia,2016,0.493
Georgia,2017,0.502
Georgia,2018,0.428
Georgia,2019,0.404
Guinea-Bissau,1994,-2.593
Guinea-Bissau,1995,-2.593
Guinea-Bissau,1996,-2.593
Guinea-Bissau,1997,-2.593
Guinea-Bissau,1998,-1.522
Guinea-Bissau,1999,-1.522
Guinea-Bissau,2000,0.456
Guinea-Bissau,2001,0.456
Guinea-Bissau,2002,0.467
Guinea-Bissau,2003,0.467
Guinea-Bissau,2004,0.467
Guinea-Bissau,2005,0.467
Guinea-Bissau,2006,0.467
Guinea-Bissau,2007,0.467
Guinea-Bissau,2008,0.467
Guinea-Bissau,2009,0.467
Guinea-Bissau,2010,0.467
Guinea-Bissau,2011,0.467
Guinea-Bissau,2012,0.467
Guinea-Bissau,2013,0.52
Guinea-Bissau,2014,0.52
Guinea-Bissau,2015,0.52
Guinea-Bissau,2016,0.52
Guinea-Bissau,2017,0.378
Guinea-Bissau,2018,0.422
Guinea-Bissau,2019,0.452
Jamaica,1994,-2.301
Jamaica,1995,-2.238
Jamaica,1996,-2.238
Jamaica,1997,0.492
Jamaica,1998,0.492
Jamaica,1999,0.492
Jamaica,2000,0.492
Jamaica,2001,0.492
Jamaica,2002,0.492
Jamaica,2003,0.492
Jamaica,2004,0.492
Jamaica,2005,0.492
Jamaica,2006,0.492
Jamaica,2007,0.492
Jamaica,2008,0.492
Jamaica,2009,0.492
Jamaica,2010,0.492
Jamaica,2011,0.492
Jamaica,2012,0.492
Jamaica,2013,0.474
Jamaica,2014,0.474
Jamaica,2015,0.474
Jamaica,2016,0.474
Jamaica,2017,0.459
Jamaica,2018,0.458
Jamaica,2019,0.458
Kazakhstan,1993,-1.854
Kazakhstan,1994,-1.854
Kazakhstan,1995,-1.854
Kazakhstan,1996,-1.854
Kazakhstan,1997,-1.854
Kazakhstan,1998,0.489
Kazakhstan,1999,0.489
Kazakhstan,2000,0.489
Kazakhstan,2001,0.456
Kazakhstan,2002,0.456
Kazakhstan,2003,0.51
Kazakhstan,2004,0.51
Kazakhstan,2005,0.51
Kazakhstan,2006,0.51
Kazakhstan,2007,0.51
Kazakhstan,2008,0.51
Kazakhstan,2009,0.51
Kazakhstan,2010,0.51
Kazakhstan,2011,0.428
Kazakhstan,2012,0.428
Kazakhstan,2013,0.428
Kazakhstan,2014,0.428
Kazakhstan,2015,0.428
Kazakhstan,2016,0.452
Kazakhstan,2017,0.413
Kazakhstan,2018,0.457
Kazakhstan,2019,0.427
Kyrgyzstan,1995,-3.72
Kyrgyzstan,1996,-3.72
Kyrgyzstan,1997,-3.72
Kyrgyzstan,1998,-3.72
Kyrgyzstan,1999,-3.72
Kyrgyzstan,2000,-2
Kyrgyzstan,2001,-2
Kyrgyzstan,2002,-2
Kyrgyzstan,2003,-2.018
Kyrgyzstan,2004,-2.018
Kyrgyzstan,2005,0.489
Kyrgyzstan,2006,0.489
Kyrgyzstan,2007,0.467
Kyrgyzstan,2008,0.467
Kyrgyzstan,2009,0.467
Kyrgyzstan,2010,0.459
Kyrgyzstan,2011,0.459
Kyrgyzstan,2012,0.459
Kyrgyzstan,2013,0.447
Kyrgyzstan,2014,0.447
Kyrgyzstan,2015,0.497
Kyrgyzstan,2016,0.462
Kyrgyzstan,2017,0.489
Kyrgyzstan,2018,0.457
Kyrgyzstan,2019,0.471
Laos,1997,-3.381
Laos,1998,-3.381
Laos,1999,-3.381
Laos,2000,-1.939
Laos,2001,-1.939
Laos,2002,-1.939
Laos,2003,-1.939
Laos,2004,0.421
Laos,2005,0.421
Laos,2006,0.421
Laos,2007,0.421
Laos,2008,0.421
Laos,2009,0.421
Laos,2010,0.421
Laos,2011,0.421
Laos,2012,0.459
Laos,2013,0.496
Laos,2014,0.496
Laos,2015,0.496
Laos,2016,0.496
Laos,2017,0.414
Laos,2018,0.414
Laos,2019,0.466
Libya,2000,-2.36
Libya,2001,-2.36
Libya,2002,-2.36
Libya,2003,-2.36
Libya,2004,-2.36
Libya,2005,0.443
Libya,2006,0.457
Libya,2007,0.44
Libya,2008,0.44
Libya,2009,0.442
Libya,2010,0.442
Libya,2011,0.447
Libya,2012,0.484
Libya,2013,0.479
Libya,2014,0.479
Libya,2015,0.442
Libya,2016,0.452
Libya,2017,0.425
Libya,2018,0.439
Libya,2019,0.393
Madagascar,1995,-1.699
Madagascar,1996,-1.699
Madagascar,1997,0.411
Madagascar,1998,0.411
Madagascar,1999,0.411
Madagascar,2000,0.411
Madagascar,2001,0.411
Madagascar,2002,0.423
Madagascar,2003,0.423
Madagascar,2004,0.423
Madagascar,2005,0.423
Madagascar,2006,0.423
Madagascar,2007,0.423
Madagascar,2008,0.423
Madagascar,2009,0.417
Madagascar,2010,0.442
Madagascar,2011,0.442
Madagascar,2012,0.442
Madagascar,2013,0.365
Madagascar,2014,0.395
Madagascar,2015,0.395
Madagascar,2016,0.395
Madagascar,2017,0.462
Madagascar,2018,0.407
Madagascar,2019,0.455
Moldova,1995,-1.535
Moldova,1996,-1.54
Moldova,1997,0.477
Moldova,1998,0.493
Moldova,1999,0.493
Moldova,2000,0.493
Moldova,2001,0.475
Moldova,2002,0.475
Moldova,2003,0.475
Moldova,2004,0.475
Moldova,2005,0.475
Moldova,2006,0.475
Moldova,2007,0.475
Moldova,2008,0.475
Moldova,2009,0.466
Moldova,2010,0.47
Moldova,2011,0.47
Moldova,2012,0.506
Moldova,2013,0.506
Moldova,2014,0.506
Moldova,2015,0.478
Moldova,2016,0.444
Moldova,2017,0.446
Moldova,2018,0.484
Moldova,2019,0.48
Namibia,1993,0.459
Namibia,1994,0.459
Namibia,1995,0.459
Namibia,1996,0.459
Namibia,1997,0.459
Namibia,1998,0.459
Namibia,1999,0.459
Namibia,2000,0.459
Namibia,2001,0.459
Namibia,2002,0.459
Namibia,2003,0.459
Namibia,2004,0.459
Namibia,2005,0.459
Namibia,2006,0.459
Namibia,2007,0.459
Namibia,2008,0.459
Namibia,2009,0.459
Namibia,2010,0.436
Namibia,2011,0.436
Namibia,2012,0.436
Namibia,2013,0.478
Namibia,2014,0.478
Namibia,2015,0.478
Namibia,2016,0.478
Namibia,2017,0.451
Namibia,2018,0.441
Namibia,2019,0.477
Palestine/West Bank,1993,-2.599
Palestine/West Bank,1994,-2.537
Palestine/West Bank,1995,0.398
Palestine/West Bank,1996,0.398
Palestine/West Bank,1997,0.398
Palestine/West Bank,1998,0.398
Palestine/West Bank,1999,0.398
Palestine/West Bank,2000,0.398
Palestine/West Bank,2001,0.398
Palestine/West Bank,2002,0.398
Palestine/West Bank,2003,0.398
Palestine/West Bank,2004,0.419
Palestine/West Bank,2005,0.419
Palestine/West Bank,2006,0.419
Palestine/West Bank,2007,0.419
Palestine/West Bank,2008,0.42
Palestine/West Bank,2009,0.432
Palestine/West Bank,2010,0.453
Palestine/West Bank,2011,0.453
Palestine/West Bank,2012,0.458
Palestine/West Bank,2013,0.377
Palestine/West Bank,2014,0.377
Palestine/West Bank,2015,0.392
Palestine/West Bank,2016,0.392
Palestine/West Bank,2017,0.475
Palestine/West Bank,2018,0.427
Palestine/West Bank,2019,0.464
Rwanda,1998,-2.625
Rwanda,1999,-2.625
Rwanda,2000,-2.83
Rwanda,2001,-2.83
Rwanda,2002,-2.83
Rwanda,2003,-1.633
Rwanda,2004,0.485
Rwanda,2005,0.485
Rwanda,2006,0.485
Rwanda,2007,0.485
Rwanda,2008,0.48
Rwanda,2009,0.48
Rwanda,2010,0.512
Rwanda,2011,0.512
Rwanda,2012,0.512
Rwanda,2013,0.536
Rwanda,2014,0.536
Rwanda,2015,0.536
Rwanda,2016,0.536
Rwanda,2017,0.482
Rwanda,2018,0.414
Rwanda,2019,0.427
Somalia,1999,-3.433
Somalia,2000,-2.357
Somalia,2001,0.465
Somalia,2002,0.465
Somalia,2003,0.465
Somalia,2004,0.465
Somalia,2005,0.465
Somalia,2006,0.465
Somalia,2007,0.465
Somalia,2008,0.465
Somalia,2009,0.465
Somalia,2010,0.421
Somalia,2011,0.436
Somalia,2012,0.447
Somalia,2013,0.387
Somalia,2014,0.387
Somalia,2015,0.387
Somalia,2016,0.44
Somalia,2017,0.406
Somalia,2018,0.406
Somalia,2019,0.406
Sri Lanka,1993,0.449
Sri Lanka,1994,0.449
Sri Lanka,1995,0.449
Sri Lanka,1996,0.449
Sri Lanka,1997,0.449
Sri Lanka,1998,0.449
Sri Lanka,1999,0.449
Sri Lanka,2000,0.449
Sri Lanka,2001,0.449
Sri Lanka,2002,0.449
Sri Lanka,2003,0.449
Sri Lanka,2004,0.449
Sri Lanka,2005,0.449
Sri Lanka,2006,0.507
Sri Lanka,2007,0.427
Sri Lanka,2008,0.422
Sri Lanka,2009,0.51
Sri Lanka,2010,0.487
Sri Lanka,2011,0.486
Sri Lanka,2012,0.398
Sri Lanka,2013,0.398
Sri Lanka,2014,0.398
Sri Lanka,2015,0.474
Sri Lanka,2016,0.49
Sri Lanka,2017,0.479
Sri Lanka,2018,0.441
Sri Lanka,2019,0.438
Swaziland,1993,-1.891
Swaziland,1994,-1.891
Swaziland,1995,0.53
Swaziland,1996,0.53
Swaziland,1997,0.53
Swaziland,1998,0.53
Swaziland,1999,0.53
Swaziland,2000,0.53
Swaziland,2001,0.53
Swaziland,2002,0.53
Swaziland,2003,0.53
Swaziland,2004,0.53
Swaziland,2005,0.53
Swaziland,2006,0.53
Swaziland,2007,0.53
Swaziland,2008,0.53
Swaziland,2009,0.53
Swaziland,2010,0.53
Swaziland,2011,0.511
Swaziland,2012,0.511
Swaziland,2013,0.433
Swaziland,2014,0.433
Swaziland,2015,0.433
Swaziland,2016,0.433
Swaziland,2017,0.464
Swaziland,2018,0.463
Swaziland,2019,0.463
Tajikistan,1999,-2.129
Tajikistan,2000,-1.932
Tajikistan,2001,0.418
Tajikistan,2002,0.459
Tajikistan,2003,0.459
Tajikistan,2004,0.459
Tajikistan,2005,0.492
Tajikistan,2006,0.492
Tajikistan,2007,0.492
Tajikistan,2008,0.492
Tajikistan,2009,0.492
Tajikistan,2010,0.474
Tajikistan,2011,0.451
Tajikistan,2012,0.447
Tajikistan,2013,0.46
Tajikistan,2014,0.46
Tajikistan,2015,0.494
Tajikistan,2016,0.501
Tajikistan,2017,0.455
Tajikistan,2018,0.502
Tajikistan,2019,0.441
Togo,1998,0.384
Togo,1999,0.384
Togo,2000,0.361
Togo,2001,0.361
Togo,2002,0.361
Togo,2003,0.361
Togo,2004,0.361
Togo,2005,0.361
Togo,2006,0.402
Togo,2007,0.402
Togo,2008,0.402
Togo,2009,0.402
Togo,2010,0.389
Togo,2011,0.389
Togo,2012,0.389
Togo,2013,0.417
Togo,2014,0.417
Togo,2015,0.417
Togo,2016,0.417
Togo,2017,0.429
Togo,2018,0.414
Togo,2019,0.414
Trinidad and Tobago,1993,-1.642
Trinidad and Tobago,1994,-1.642
Trinidad and Tobago,1995,-1.642
Trinidad and Tobago,1996,0.456
Trinidad and Tobago,1997,0.456
Trinidad and Tobago,1998,0.456
Trinidad and Tobago,1999,0.456
Trinidad and Tobago,2000,0.456
Trinidad and Tobago,2001,0.456
Trinidad and Tobago,2002,0.456
Trinidad and Tobago,2003,0.456
Trinidad and Tobago,2004,0.456
Trinidad and Tobago,2005,0.456
Trinidad and Tobago,2006,0.456
Trinidad and Tobago,2007,0.456
Trinidad and Tobago,2008,0.456
Trinidad and Tobago,2009,0.456
Trinidad and Tobago,2010,0.456
Trinidad and Tobago,2011,0.456
Trinidad and Tobago,2012,0.456
Trinidad and Tobago,2013,0.489
Trinidad and Tobago,2014,0.489
Trinidad and Tobago,2015,0.489
Trinidad and Tobago,2016,0.489
Trinidad and Tobago,2017,0.514
Trinidad and Tobago,2018,0.423
Trinidad and Tobago,2019,0.431
Turkmenistan,1994,-3.42
Turkmenistan,1995,-3.42
Turkmenistan,1996,-3.42
Turkmenistan,1997,-1.904
Turkmenistan,1998,-1.904
Turkmenistan,1999,-1.904
Turkmenistan,2000,0.454
Turkmenistan,2001,0.454
Turkmenistan,2002,0.454
Turkmenistan,2003,0.454
Turkmenistan,2004,0.454
Turkmenistan,2005,0.454
Turkmenistan,2006,0.454
Turkmenistan,2007,0.454
Turkmenistan,2008,0.454
Turkmenistan,2009,0.454
Turkmenistan,2010,0.454
Turkmenistan,2011,0.454
Turkmenistan,2012,0.454
Turkmenistan,2013,0.442
Turkmenistan,2014,0.442
Turkmenistan,2015,0.442
Turkmenistan,2016,0.442
Turkmenistan,2017,0.426
Turkmenistan,2018,0.504
Turkmenistan,2019,0.483
Palestine/Gaza,2007,0.454
Palestine/Gaza,2008,0.454
Palestine/Gaza,2009,0.454
Palestine/Gaza,2010,0.454
Palestine/Gaza,2011,0.454
Palestine/Gaza,2012,0.454
Palestine/Gaza,2013,0.415
Palestine/Gaza,2014,0.48
Palestine/Gaza,2015,0.378
Palestine/Gaza,2016,0.378
Palestine/Gaza,2017,0.488
Palestine/Gaza,2018,0.4
Palestine/Gaza,2019,0.434
Somaliland,2000,-2.285
Somaliland,2001,-2.285
Somaliland,2002,0.452
Somaliland,2003,0.452
Somaliland,2004,0.452
Somaliland,2005,0.452
Somaliland,2006,0.452
Somaliland,2007,0.452
Somaliland,2008,0.452
Somaliland,2009,0.452
Somaliland,2010,0.452
Somaliland,2011,0.452
Somaliland,2012,0.452
Somaliland,2013,0.43
Somaliland,2014,0.43
Somaliland,2015,0.43
Somaliland,2016,0.404
Somaliland,2017,0.505
Somaliland,2018,0.495
Somaliland,2019,0.459
Uzbekistan,1994,-3.297
Uzbekistan,1995,-3.297
Uzbekistan,1996,-3.297
Uzbekistan,1997,-3.297
Uzbekistan,1998,-3.297
Uzbekistan,1999,0.421
Uzbekistan,2000,0.421
Uzbekistan,2001,0.425
Uzbekistan,2002,0.425
Uzbekistan,2003,0.425
Uzbekistan,2004,0.425
Uzbekistan,2005,0.462
Uzbekistan,2006,0.462
Uzbekistan,2007,0.448
Uzbekistan,2008,0.47
Uzbekistan,2009,0.468
Uzbekistan,2010,0.503
Uzbekistan,2011,0.462
Uzbekistan,2012,0.434
Uzbekistan,2013,0.46
Uzbekistan,2014,0.441
Uzbekistan,2015,0.523
Uzbekistan,2016,0.458
Uzbekistan,2017,0.417
Uzbekistan,2018,0.479
Uzbekistan,2019,0.431
Austria,1993,0.455
Austria,1994,0.455
Austria,1995,0.455
Austria,1996,0.455
Austria,1997,0.455
Austria,1998,0.455
Austria,1999,0.455
Austria,2000,0.455
Austria,2001,0.455
Austria,2002,0.455
Austria,2003,0.455
Austria,2004,0.455
Austria,2005,0.455
Austria,2006,0.455
Austria,2007,0.455
Austria,2008,0.455
Austria,2009,0.455
Austria,2010,0.455
Austria,2011,0.455
Austria,2012,0.455
Austria,2013,0.409
Austria,2014,0.409
Austria,2015,0.409
Austria,2016,0.409
Austria,2017,0.409
Austria,2018,0.512
Austria,2019,0.394
Bahrain,1993,0.474
Bahrain,1994,0.474
Bahrain,1995,0.474
Bahrain,1996,0.474
Bahrain,1997,0.474
Bahrain,1998,0.474
Bahrain,1999,0.474
Bahrain,2000,0.474
Bahrain,2001,0.474
Bahrain,2002,0.474
Bahrain,2003,0.474
Bahrain,2004,0.474
Bahrain,2005,0.474
Bahrain,2006,0.427
Bahrain,2007,0.427
Bahrain,2008,0.427
Bahrain,2009,0.427
Bahrain,2010,0.427
Bahrain,2011,0.448
Bahrain,2012,0.448
Bahrain,2013,0.448
Bahrain,2014,0.448
Bahrain,2015,0.448
Bahrain,2016,0.448
Bahrain,2017,0.448
Bahrain,2018,0.455
Bahrain,2019,0.41
Barbados,2000,0.456
Barbados,2001,0.456
Barbados,2002,0.456
Barbados,2003,0.456
Barbados,2004,0.456
Barbados,2005,0.456
Barbados,2006,0.456
Barbados,2007,0.456
Barbados,2008,0.456
Barbados,2009,0.456
Barbados,2010,0.456
Barbados,2011,0.456
Barbados,2012,0.456
Barbados,2013,0.456
Barbados,2014,0.456
Barbados,2015,0.393
Barbados,2016,0.393
Barbados,2017,0.435
Barbados,2018,0.417
Barbados,2019,0.417
Belgium,1993,0.495
Belgium,1994,0.495
Belgium,1995,0.495
Belgium,1996,0.495
Belgium,1997,0.495
Belgium,1998,0.495
Belgium,1999,0.495
Belgium,2000,0.495
Belgium,2001,0.495
Belgium,2002,0.495
Belgium,2003,0.495
Belgium,2004,0.495
Belgium,2005,0.495
Belgium,2006,0.495
Belgium,2007,0.495
Belgium,2008,0.495
Belgium,2009,0.495
Belgium,2010,0.495
Belgium,2011,0.495
Belgium,2012,0.495
Belgium,2013,0.512
Belgium,2014,0.512
Belgium,2015,0.512
Belgium,2016,0.512
Belgium,2017,0.512
Belgium,2018,0.512
Belgium,2019,0.512
Bosnia and Herzegovina,1993,-2.752
Bosnia and Herzegovina,1994,-2.752
Bosnia and Herzegovina,1995,-2.752
Bosnia and Herzegovina,1996,-1.585
Bosnia and Herzegovina,1997,0.429
Bosnia and Herzegovina,1998,0.458
Bosnia and Herzegovina,1999,0.458
Bosnia and Herzegovina,2000,0.458
Bosnia and Herzegovina,2001,0.458
Bosnia and Herzegovina,2002,0.458
Bosnia and Herzegovina,2003,0.458
Bosnia and Herzegovina,2004,0.458
Bosnia and Herzegovina,2005,0.458
Bosnia and Herzegovina,2006,0.458
Bosnia and Herzegovina,2007,0.458
Bosnia and Herzegovina,2008,0.458
Bosnia and Herzegovina,2009,0.458
Bosnia and Herzegovina,2010,0.458
Bosnia and Herzegovina,2011,0.458
Bosnia and Herzegovina,2012,0.458
Bosnia and Herzegovina,2013,0.459
Bosnia and Herzegovina,2014,0.459
Bosnia and Herzegovina,2015,0.459
Bosnia and Herzegovina,2016,0.511
Bosnia and Herzegovina,2017,0.483
Bosnia and Herzegovina,2018,0.466
Bosnia and Herzegovina,2019,0.509
Bulgaria,1995,0.456
Bulgaria,1996,0.456
Bulgaria,1997,0.456
Bulgaria,1998,0.456
Bulgaria,1999,0.456
Bulgaria,2000,0.456
Bulgaria,2001,0.456
Bulgaria,2002,0.456
Bulgaria,2003,0.456
Bulgaria,2004,0.456
Bulgaria,2005,0.456
Bulgaria,2006,0.456
Bulgaria,2007,0.45
Bulgaria,2008,0.475
Bulgaria,2009,0.494
Bulgaria,2010,0.445
Bulgaria,2011,0.485
Bulgaria,2012,0.474
Bulgaria,2013,0.506
Bulgaria,2014,0.428
Bulgaria,2015,0.438
Bulgaria,2016,0.438
Bulgaria,2017,0.448
Bulgaria,2018,0.49
Bulgaria,2019,0.435
Comoros,2000,-1.725
Comoros,2001,-1.725
Comoros,2002,0.456
Comoros,2003,0.456
Comoros,2004,0.456
Comoros,2005,0.456
Comoros,2006,0.456
Comoros,2007,0.456
Comoros,2008,0.456
Comoros,2009,0.456
Comoros,2010,0.456
Comoros,2011,0.456
Comoros,2012,0.456
Comoros,2013,0.452
Comoros,2014,0.452
Comoros,2015,0.452
Comoros,2016,0.452
Comoros,2017,0.489
Comoros,2018,0.416
Comoros,2019,0.416
Croatia,1993,0.382
Croatia,1994,0.458
Croatia,1995,0.438
Croatia,1996,0.44
Croatia,1997,0.464
Croatia,1998,0.451
Croatia,1999,0.451
Croatia,2000,0.419
Croatia,2001,0.445
Croatia,2002,0.399
Croatia,2003,0.442
Croatia,2004,0.454
Croatia,2005,0.454
Croatia,2006,0.454
Croatia,2007,0.454
Croatia,2008,0.454
Croatia,2009,0.454
Croatia,2010,0.404
Croatia,2011,0.453
Croatia,2012,0.453
Croatia,2013,0.417
Croatia,2014,0.417
Croatia,2015,0.417
Croatia,2016,0.43
Croatia,2017,0.405
Croatia,2018,0.443
Croatia,2019,0.469
Cuba,1995,-3.459
Cuba,1996,-3.459
Cuba,1997,-2.071
Cuba,1998,-2.071
Cuba,1999,0.422
Cuba,2000,0.422
Cuba,2001,0.422
Cuba,2002,0.422
Cuba,2003,0.422
Cuba,2004,0.422
Cuba,2005,0.422
Cuba,2006,0.422
Cuba,2007,0.422
Cuba,2008,0.422
Cuba,2009,0.422
Cuba,2010,0.422
Cuba,2011,0.422
Cuba,2012,0.422
Cuba,2013,0.439
Cuba,2014,0.439
Cuba,2015,0.439
Cuba,2016,0.447
Cuba,2017,0.479
Cuba,2018,0.456
Cuba,2019,0.475
Cyprus,1993,-2.142
Cyprus,1994,-2.142
Cyprus,1995,-2.142
Cyprus,1996,-2.115
Cyprus,1997,-2.115
Cyprus,1998,0.444
Cyprus,1999,0.444
Cyprus,2000,0.444
Cyprus,2001,0.444
Cyprus,2002,0.444
Cyprus,2003,0.444
Cyprus,2004,0.444
Cyprus,2005,0.444
Cyprus,2006,0.444
Cyprus,2007,0.444
Cyprus,2008,0.444
Cyprus,2009,0.444
Cyprus,2010,0.444
Cyprus,2011,0.444
Cyprus,2012,0.444
Cyprus,2013,0.465
Cyprus,2014,0.454
Cyprus,2015,0.381
Cyprus,2016,0.449
Cyprus,2017,0.414
Cyprus,2018,0.43
Cyprus,2019,0.486
Czech Republic,1993,-2.14
Czech Republic,1994,-2.14
Czech Republic,1995,-2.14
Czech Republic,1996,-1.466
Czech Republic,1997,-1.418
Czech Republic,1998,0.456
Czech Republic,1999,0.456
Czech Republic,2000,0.456
Czech Republic,2001,0.456
Czech Republic,2002,0.456
Czech Republic,2003,0.456
Czech Republic,2004,0.456
Czech Republic,2005,0.456
Czech Republic,2006,0.456
Czech Republic,2007,0.456
Czech Republic,2008,0.456
Czech Republic,2009,0.456
Czech Republic,2010,0.456
Czech Republic,2011,0.456
Czech Republic,2012,0.456
Czech Republic,2013,0.456
Czech Republic,2014,0.456
Czech Republic,2015,0.518
Czech Republic,2016,0.518
Czech Republic,2017,0.502
Czech Republic,2018,0.499
Czech Republic,2019,0.501
Denmark,1993,0.466
Denmark,1994,0.466
Denmark,1995,0.466
Denmark,1996,0.466
Denmark,1997,0.466
Denmark,1998,0.466
Denmark,1999,0.466
Denmark,2000,0.466
Denmark,2001,0.466
Denmark,2002,0.466
Denmark,2003,0.466
Denmark,2004,0.466
Denmark,2005,0.466
Denmark,2006,0.466
Denmark,2007,0.466
Denmark,2008,0.466
Denmark,2009,0.466
Denmark,2010,0.466
Denmark,2011,0.466
Denmark,2012,0.466
Denmark,2013,0.466
Denmark,2014,0.466
Denmark,2015,0.544
Denmark,2016,0.544
Denmark,2017,0.447
Denmark,2018,0.481
Denmark,2019,0.481
Equatorial Guinea,2000,0.4
Equatorial Guinea,2001,0.4
Equatorial Guinea,2002,0.4
Equatorial Guinea,2003,0.4
Equatorial Guinea,2004,0.4
Equatorial Guinea,2005,0.4
Equatorial Guinea,2006,0.4
Equatorial Guinea,2007,0.4
Equatorial Guinea,2008,0.412
Equatorial Guinea,2009,0.412
Equatorial Guinea,2010,0.46
Equatorial Guinea,2011,0.46
Equatorial Guinea,2012,0.46
Equatorial Guinea,2013,0.46
Equatorial Guinea,2014,0.46
Equatorial Guinea,2015,0.46
Equatorial Guinea,2016,0.46
Equatorial Guinea,2017,0.417
Equatorial Guinea,2018,0.441
Equatorial Guinea,2019,0.472
Estonia,1993,0.459
Estonia,1994,0.459
Estonia,1995,0.459
Estonia,1996,0.459
Estonia,1997,0.459
Estonia,1998,0.459
Estonia,1999,0.459
Estonia,2000,0.459
Estonia,2001,0.459
Estonia,2002,0.459
Estonia,2003,0.459
Estonia,2004,0.459
Estonia,2005,0.459
Estonia,2006,0.459
Estonia,2007,0.459
Estonia,2008,0.459
Estonia,2009,0.459
Estonia,2010,0.459
Estonia,2011,0.459
Estonia,2012,0.459
Estonia,2013,0.493
Estonia,2014,0.493
Estonia,2015,0.493
Estonia,2016,0.469
Estonia,2017,0.469
Estonia,2018,0.469
Estonia,2019,0.469
Fiji,1993,0.509
Fiji,1994,0.509
Fiji,1995,0.509
Fiji,1996,0.509
Fiji,1997,0.509
Fiji,1998,0.509
Fiji,1999,0.509
Fiji,2000,0.509
Fiji,2001,0.509
Fiji,2002,0.509
Fiji,2003,0.509
Fiji,2004,0.509
Fiji,2005,0.509
Fiji,2006,0.454
Fiji,2007,0.478
Fiji,2008,0.478
Fiji,2009,0.459
Fiji,2010,0.48
Fiji,2011,0.48
Fiji,2012,0.447
Fiji,2013,0.447
Fiji,2014,0.475
Fiji,2015,0.534
Fiji,2016,0.419
Fiji,2017,0.411
Fiji,2018,0.42
Fiji,2019,0.42
Finland,1993,0.435
Finland,1994,0.435
Finland,1995,0.435
Finland,1996,0.435
Finland,1997,0.435
Finland,1998,0.435
Finland,1999,0.435
Finland,2000,0.435
Finland,2001,0.435
Finland,2002,0.435
Finland,2003,0.435
Finland,2004,0.435
Finland,2005,0.435
Finland,2006,0.435
Finland,2007,0.435
Finland,2008,0.435
Finland,2009,0.435
Finland,2010,0.435
Finland,2011,0.435
Finland,2012,0.435
Finland,2013,0.435
Finland,2014,0.435
Finland,2015,0.405
Finland,2016,0.405
Finland,2017,0.424
Finland,2018,0.447
Finland,2019,0.438
Greece,1993,-1.928
Greece,1994,-1.928
Greece,1995,-1.928
Greece,1996,0.429
Greece,1997,0.429
Greece,1998,0.429
Greece,1999,0.429
Greece,2000,0.429
Greece,2001,0.429
Greece,2002,0.429
Greece,2003,0.429
Greece,2004,0.429
Greece,2005,0.429
Greece,2006,0.429
Greece,2007,0.429
Greece,2008,0.429
Greece,2009,0.429
Greece,2010,0.429
Greece,2011,0.429
Greece,2012,0.429
Greece,2013,0.436
Greece,2014,0.436
Greece,2015,0.436
Greece,2016,0.436
Greece,2017,0.501
Greece,2018,0.43
Greece,2019,0.43
Guyana,1993,-3.836
Guyana,1994,-3.836
Guyana,1995,-3.836
Guyana,1996,-2.125
Guyana,1997,-2.125
Guyana,1998,-2.125
Guyana,1999,-2.125
Guyana,2000,-2.125
Guyana,2001,0.463
Guyana,2002,0.463
Guyana,2003,0.463
Guyana,2004,0.463
Guyana,2005,0.463
Guyana,2006,0.463
Guyana,2007,0.463
Guyana,2008,0.463
Guyana,2009,0.463
Guyana,2010,0.463
Guyana,2011,0.463
Guyana,2012,0.463
Guyana,2013,0.384
Guyana,2014,0.384
Guyana,2015,0.384
Guyana,2016,0.441
Guyana,2017,0.468
Guyana,2018,0.482
Guyana,2019,0.482
Hong Kong,1993,0.395
Hong Kong,1994,0.395
Hong Kong,1995,0.395
Hong Kong,1996,0.395
Hong Kong,1997,0.437
Hong Kong,1998,0.437
Hong Kong,1999,0.437
Hong Kong,2000,0.437
Hong Kong,2001,0.437
Hong Kong,2002,0.437
Hong Kong,2003,0.437
Hong Kong,2004,0.437
Hong Kong,2005,0.437
Hong Kong,2006,0.437
Hong Kong,2007,0.437
Hong Kong,2008,0.437
Hong Kong,2009,0.437
Hong Kong,2010,0.437
Hong Kong,2011,0.437
Hong Kong,2012,0.437
Hong Kong,2013,0.437
Hong Kong,2014,0.437
Hong Kong,2015,0.437
Hong Kong,2016,0.437
Hong Kong,2017,0.437
Hong Kong,2018,0.437
Hong Kong,2019,0.437
Iceland,1993,-1.808
Iceland,1994,0.468
Iceland,1995,0.468
Iceland,1996,0.468
Iceland,1997,0.468
Iceland,1998,0.468
Iceland,1999,0.468
Iceland,2000,0.468
Iceland,2001,0.468
Iceland,2002,0.468
Iceland,2003,0.468
Iceland,2004,0.468
Iceland,2005,0.468
Iceland,2006,0.468
Iceland,2007,0.468
Iceland,2008,0.468
Iceland,2009,0.468
Iceland,2010,0.468
Iceland,2011,0.468
Iceland,2012,0.468
Iceland,2013,0.454
Iceland,2014,0.425
Iceland,2015,0.402
Iceland,2016,0.44
Iceland,2017,0.44
Iceland,2018,0.409
Iceland,2019,0.428
Israel,1993,0.527
Israel,1994,0.527
Israel,1995,0.527
Israel,1996,0.527
Israel,1997,0.527
Israel,1998,0.527
Israel,1999,0.527
Israel,2000,0.527
Israel,2001,0.527
Israel,2002,0.527
Israel,2003,0.527
Israel,2004,0.527
Israel,2005,0.527
Israel,2006,0.527
Israel,2007,0.527
Israel,2008,0.527
Israel,2009,0.527
Israel,2010,0.527
Israel,2011,0.527
Israel,2012,0.527
Israel,2013,0.527
Israel,2014,0.527
Israel,2015,0.527
Israel,2016,0.527
Israel,2017,0.492
Israel,2018,0.435
Israel,2019,0.419
Kuwait,1993,-2.034
Kuwait,1994,-2.034
Kuwait,1995,-2.034
Kuwait,1996,-2.034
Kuwait,1997,-2.034
Kuwait,1998,0.46
Kuwait,1999,0.46
Kuwait,2000,0.463
Kuwait,2001,0.463
Kuwait,2002,0.463
Kuwait,2003,0.463
Kuwait,2004,0.463
Kuwait,2005,0.463
Kuwait,2006,0.463
Kuwait,2007,0.463
Kuwait,2008,0.463
Kuwait,2009,0.463
Kuwait,2010,0.463
Kuwait,2011,0.463
Kuwait,2012,0.445
Kuwait,2013,0.445
Kuwait,2014,0.415
Kuwait,2015,0.459
Kuwait,2016,0.47
Kuwait,2017,0.472
Kuwait,2018,0.402
Kuwait,2019,0.447
Lithuania,1993,0.434
Lithuania,1994,0.434
Lithuania,1995,0.434
Lithuania,1996,0.434
Lithuania,1997,0.434
Lithuania,1998,0.434
Lithuania,1999,0.434
Lithuania,2000,0.434
Lithuania,2001,0.434
Lithuania,2002,0.434
Lithuania,2003,0.434
Lithuania,2004,0.434
Lithuania,2005,0.434
Lithuania,2006,0.434
Lithuania,2007,0.434
Lithuania,2008,0.434
Lithuania,2009,0.434
Lithuania,2010,0.434
Lithuania,2011,0.434
Lithuania,2012,0.434
Lithuania,2013,0.439
Lithuania,2014,0.439
Lithuania,2015,0.439
Lithuania,2016,0.409
Lithuania,2017,0.441
Lithuania,2018,0.401
Lithuania,2019,0.421
Luxembourg,1993,0.463
Luxembourg,1994,0.463
Luxembourg,1995,0.463
Luxembourg,1996,0.463
Luxembourg,1997,0.463
Luxembourg,1998,0.463
Luxembourg,1999,0.463
Luxembourg,2000,0.463
Luxembourg,2001,0.463
Luxembourg,2002,0.463
Luxembourg,2003,0.463
Luxembourg,2004,0.463
Luxembourg,2005,0.463
Luxembourg,2006,0.463
Luxembourg,2007,0.463
Luxembourg,2008,0.463
Luxembourg,2009,0.463
Luxembourg,2010,0.463
Luxembourg,2011,0.463
Luxembourg,2012,0.463
Luxembourg,2013,0.463
Luxembourg,2014,0.463
Luxembourg,2015,0.463
Luxembourg,2016,0.463
Luxembourg,2017,0.463
Luxembourg,2018,0.49
Luxembourg,2019,0.385
Macedonia,1993,-5.054
Macedonia,1994,-5.054
Macedonia,1995,-5.054
Macedonia,1996,-4.935
Macedonia,1997,-4.984
Macedonia,1998,0.431
Macedonia,1999,0.434
Macedonia,2000,0.434
Macedonia,2001,0.406
Macedonia,2002,0.415
Macedonia,2003,0.41
Macedonia,2004,0.423
Macedonia,2005,0.446
Macedonia,2006,0.46
Macedonia,2007,0.446
Macedonia,2008,0.438
Macedonia,2009,0.458
Macedonia,2010,0.485
Macedonia,2011,0.43
Macedonia,2012,0.437
Macedonia,2013,0.444
Macedonia,2014,0.444
Macedonia,2015,0.444
Macedonia,2016,0.38
Macedonia,2017,0.427
Macedonia,2018,0.417
Macedonia,2019,0.403
Malaysia,1998,-2.014
Malaysia,1999,-2.014
Malaysia,2000,0.432
Malaysia,2001,0.432
Malaysia,2002,0.432
Malaysia,2003,0.432
Malaysia,2004,0.432
Malaysia,2005,0.458
Malaysia,2006,0.458
Malaysia,2007,0.458
Malaysia,2008,0.458
Malaysia,2009,0.458
Malaysia,2010,0.487
Malaysia,2011,0.487
Malaysia,2012,0.487
Malaysia,2013,0.472
Malaysia,2014,0.46
Malaysia,2015,0.46
Malaysia,2016,0.46
Malaysia,2017,0.46
Malaysia,2018,0.46
Malaysia,2019,0.418
Malta,1993,0.436
Malta,1994,0.436
Malta,1995,0.436
Malta,1996,0.436
Malta,1997,0.436
Malta,1998,0.436
Malta,1999,0.436
Malta,2000,0.436
Malta,2001,0.436
Malta,2002,0.436
Malta,2003,0.436
Malta,2004,0.436
Malta,2005,0.436
Malta,2006,0.436
Malta,2007,0.436
Malta,2008,0.436
Malta,2009,0.436
Malta,2010,0.436
Malta,2011,0.436
Malta,2012,0.436
Malta,2013,0.436
Malta,2014,0.436
Malta,2015,0.436
Malta,2016,0.436
Malta,2017,0.436
Malta,2018,0.393
Malta,2019,0.418
Mauritius,1993,0.472
Mauritius,1994,0.472
Mauritius,1995,0.472
Mauritius,1996,0.472
Mauritius,1997,0.472
Mauritius,1998,0.472
Mauritius,1999,0.49
Mauritius,2000,0.49
Mauritius,2001,0.49
Mauritius,2002,0.49
Mauritius,2003,0.49
Mauritius,2004,0.49
Mauritius,2005,0.49
Mauritius,2006,0.49
Mauritius,2007,0.49
Mauritius,2008,0.49
Mauritius,2009,0.49
Mauritius,2010,0.49
Mauritius,2011,0.49
Mauritius,2012,0.49
Mauritius,2013,0.49
Mauritius,2014,0.49
Mauritius,2015,0.49
Mauritius,2016,0.49
Mauritius,2017,0.38
Mauritius,2018,0.399
Mauritius,2019,0.439
Montenegro,1998,0.413
Montenegro,1999,0.477
Montenegro,2000,0.477
Montenegro,2001,0.477
Montenegro,2002,0.477
Montenegro,2003,0.477
Montenegro,2004,0.477
Montenegro,2005,0.477
Montenegro,2006,0.477
Montenegro,2007,0.477
Montenegro,2008,0.477
Montenegro,2009,0.477
Montenegro,2010,0.477
Montenegro,2011,0.477
Montenegro,2012,0.477
Montenegro,2013,0.389
Montenegro,2014,0.389
Montenegro,2015,0.389
Montenegro,2016,0.404
Montenegro,2017,0.444
Montenegro,2018,0.484
Montenegro,2019,0.484
New Zealand,1993,0.467
New Zealand,1994,0.467
New Zealand,1995,0.467
New Zealand,1996,0.467
New Zealand,1997,0.467
New Zealand,1998,0.467
New Zealand,1999,0.467
New Zealand,2000,0.467
New Zealand,2001,0.467
New Zealand,2002,0.467
New Zealand,2003,0.467
New Zealand,2004,0.467
New Zealand,2005,0.467
New Zealand,2006,0.467
New Zealand,2007,0.467
New Zealand,2008,0.467
New Zealand,2009,0.467
New Zealand,2010,0.467
New Zealand,2011,0.467
New Zealand,2012,0.467
New Zealand,2013,0.471
New Zealand,2014,0.471
New Zealand,2015,0.471
New Zealand,2016,0.471
New Zealand,2017,0.471
New Zealand,2018,0.418
New Zealand,2019,0.418
Norway,1993,0.464
Norway,1994,0.464
Norway,1995,0.464
Norway,1996,0.464
Norway,1997,0.464
Norway,1998,0.464
Norway,1999,0.464
Norway,2000,0.464
Norway,2001,0.464
Norway,2002,0.464
Norway,2003,0.464
Norway,2004,0.464
Norway,2005,0.464
Norway,2006,0.464
Norway,2007,0.464
Norway,2008,0.464
Norway,2009,0.464
Norway,2010,0.464
Norway,2011,0.464
Norway,2012,0.464
Norway,2013,0.466
Norway,2014,0.466
Norway,2015,0.466
Norway,2016,0.466
Norway,2017,0.466
Norway,2018,0.466
Norway,2019,0.493
Oman,1993,-2.178
Oman,1994,-2.178
Oman,1995,-2.178
Oman,1996,-2.178
Oman,1997,-2.178
Oman,1998,-2.178
Oman,1999,-2.178
Oman,2000,-1.447
Oman,2001,-1.447
Oman,2002,-1.447
Oman,2003,-1.447
Oman,2004,-1.447
Oman,2005,-1.447
Oman,2006,-1.447
Oman,2007,-1.447
Oman,2008,0.471
Oman,2009,0.471
Oman,2010,0.471
Oman,2011,0.471
Oman,2012,0.47
Oman,2013,0.444
Oman,2014,0.444
Oman,2015,0.444
Oman,2016,0.49
Oman,2017,0.396
Oman,2018,0.445
Oman,2019,0.44
Paraguay,1993,0.412
Paraguay,1994,0.412
Paraguay,1995,0.467
Paraguay,1996,0.467
Paraguay,1997,0.467
Paraguay,1998,0.467
Paraguay,1999,0.467
Paraguay,2000,0.467
Paraguay,2001,0.467
Paraguay,2002,0.467
Paraguay,2003,0.467
Paraguay,2004,0.467
Paraguay,2005,0.467
Paraguay,2006,0.467
Paraguay,2007,0.467
Paraguay,2008,0.467
Paraguay,2009,0.467
Paraguay,2010,0.467
Paraguay,2011,0.467
Paraguay,2012,0.467
Paraguay,2013,0.451
Paraguay,2014,0.451
Paraguay,2015,0.451
Paraguay,2016,0.507
Paraguay,2017,0.507
Paraguay,2018,0.468
Paraguay,2019,0.468
Romania,1995,0.446
Romania,1996,0.446
Romania,1997,0.446
Romania,1998,0.446
Romania,1999,0.446
Romania,2000,0.446
Romania,2001,0.446
Romania,2002,0.446
Romania,2003,0.446
Romania,2004,0.446
Romania,2005,0.446
Romania,2006,0.446
Romania,2007,0.446
Romania,2008,0.446
Romania,2009,0.446
Romania,2010,0.471
Romania,2011,0.471
Romania,2012,0.471
Romania,2013,0.467
Romania,2014,0.467
Romania,2015,0.467
Romania,2016,0.447
Romania,2017,0.5
Romania,2018,0.434
Romania,2019,0.476
Sao Tome and Principe,1993,-2.529
Sao Tome and Principe,1994,-2.529
Sao Tome and Principe,1995,-2.529
Sao Tome and Principe,1996,-2.529
Sao Tome and Principe,1997,-2.529
Sao Tome and Principe,1998,-2.529
Sao Tome and Principe,1999,-2.529
Sao Tome and Principe,2000,0.452
Sao Tome and Principe,2001,0.452
Sao Tome and Principe,2002,0.452
Sao Tome and Principe,2003,0.452
Sao Tome and Principe,2004,0.452
Sao Tome and Principe,2005,0.452
Sao Tome and Principe,2006,0.452
Sao Tome and Principe,2007,0.452
Sao Tome and Principe,2008,0.452
Sao Tome and Principe,2009,0.452
Sao Tome and Principe,2010,0.452
Sao Tome and Principe,2011,0.452
Sao Tome and Principe,2012,0.452
Sao Tome and Principe,2013,0.436
Sao Tome and Principe,2014,0.436
Sao Tome and Principe,2015,0.436
Sao Tome and Principe,2016,0.436
Sao Tome and Principe,2017,0.435
Sao Tome and Principe,2018,0.442
Sao Tome and Principe,2019,0.442
Saudi Arabia,1993,-2.608
Saudi Arabia,1994,-2.608
Saudi Arabia,1995,-2.608
Saudi Arabia,1996,-2.608
Saudi Arabia,1997,-2.608
Saudi Arabia,1998,-2.573
Saudi Arabia,1999,0.497
Saudi Arabia,2000,0.497
Saudi Arabia,2001,0.497
Saudi Arabia,2002,0.497
Saudi Arabia,2003,0.497
Saudi Arabia,2004,0.497
Saudi Arabia,2005,0.497
Saudi Arabia,2006,0.497
Saudi Arabia,2007,0.497
Saudi Arabia,2008,0.497
Saudi Arabia,2009,0.497
Saudi Arabia,2010,0.497
Saudi Arabia,2011,0.497
Saudi Arabia,2012,0.497
Saudi Arabia,2013,0.497
Saudi Arabia,2014,0.497
Saudi Arabia,2015,0.497
Saudi Arabia,2016,0.497
Saudi Arabia,2017,0.497
Saudi Arabia,2018,0.441
Saudi Arabia,2019,0.466
Serbia,1996,0.431
Serbia,1997,0.431
Serbia,1998,0.431
Serbia,1999,0.431
Serbia,2000,0.453
Serbia,2001,0.453
Serbia,2002,0.453
Serbia,2003,0.453
Serbia,2004,0.453
Serbia,2005,0.453
Serbia,2006,0.453
Serbia,2007,0.453
Serbia,2008,0.453
Serbia,2009,0.453
Serbia,2010,0.453
Serbia,2011,0.453
Serbia,2012,0.453
Serbia,2013,0.467
Serbia,2014,0.467
Serbia,2015,0.513
Serbia,2016,0.449
Serbia,2017,0.501
Serbia,2018,0.507
Serbia,2019,0.427
Seychelles,1993,-1.738
Seychelles,1994,-1.738
Seychelles,1995,-1.738
Seychelles,1996,-1.738
Seychelles,1997,0.462
Seychelles,1998,0.467
Seychelles,1999,0.467
Seychelles,2000,0.467
Seychelles,2001,0.467
Seychelles,2002,0.467
Seychelles,2003,0.467
Seychelles,2004,0.467
Seychelles,2005,0.467
Seychelles,2006,0.467
Seychelles,2007,0.467
Seychelles,2008,0.467
Seychelles,2009,0.467
Seychelles,2010,0.467
Seychelles,2011,0.467
Seychelles,2012,0.467
Seychelles,2013,0.492
Seychelles,2014,0.492
Seychelles,2015,0.492
Seychelles,2016,0.492
Seychelles,2017,0.485
Seychelles,2018,0.479
Seychelles,2019,0.466
Singapore,1993,0.449
Singapore,1994,0.449
Singapore,1995,0.449
Singapore,1996,0.449
Singapore,1997,0.449
Singapore,1998,0.449
Singapore,1999,0.449
Singapore,2000,0.465
Singapore,2001,0.465
Singapore,2002,0.465
Singapore,2003,0.465
Singapore,2004,0.465
Singapore,2005,0.465
Singapore,2006,0.442
Singapore,2007,0.442
Singapore,2008,0.442
Singapore,2009,0.442
Singapore,2010,0.442
Singapore,2011,0.442
Singapore,2012,0.442
Singapore,2013,0.442
Singapore,2014,0.442
Singapore,2015,0.442
Singapore,2016,0.442
Singapore,2017,0.447
Singapore,2018,0.456
Singapore,2019,0.435
Slovakia,1993,-2.94
Slovakia,1994,-2.94
Slovakia,1995,-2.94
Slovakia,1996,0.442
Slovakia,1997,0.442
Slovakia,1998,0.442
Slovakia,1999,0.442
Slovakia,2000,0.442
Slovakia,2001,0.442
Slovakia,2002,0.442
Slovakia,2003,0.442
Slovakia,2004,0.442
Slovakia,2005,0.442
Slovakia,2006,0.442
Slovakia,2007,0.442
Slovakia,2008,0.442
Slovakia,2009,0.442
Slovakia,2010,0.442
Slovakia,2011,0.442
Slovakia,2012,0.442
Slovakia,2013,0.416
Slovakia,2014,0.416
Slovakia,2015,0.416
Slovakia,2016,0.416
Slovakia,2017,0.442
Slovakia,2018,0.416
Slovakia,2019,0.456
Slovenia,1993,-2.285
Slovenia,1994,0.47
Slovenia,1995,0.47
Slovenia,1996,0.47
Slovenia,1997,0.47
Slovenia,1998,0.47
Slovenia,1999,0.47
Slovenia,2000,0.47
Slovenia,2001,0.47
Slovenia,2002,0.47
Slovenia,2003,0.47
Slovenia,2004,0.47
Slovenia,2005,0.47
Slovenia,2006,0.47
Slovenia,2007,0.47
Slovenia,2008,0.47
Slovenia,2009,0.47
Slovenia,2010,0.419
Slovenia,2011,0.419
Slovenia,2012,0.442
Slovenia,2013,0.498
Slovenia,2014,0.498
Slovenia,2015,0.498
Slovenia,2016,0.48
Slovenia,2017,0.389
Slovenia,2018,0.437
Slovenia,2019,0.38
Solomon Islands,1996,-2.033
Solomon Islands,1997,-2.033
Solomon Islands,1998,0.45
Solomon Islands,1999,0.45
Solomon Islands,2000,0.45
Solomon Islands,2001,0.45
Solomon Islands,2002,0.45
Solomon Islands,2003,0.45
Solomon Islands,2004,0.45
Solomon Islands,2005,0.45
Solomon Islands,2006,0.45
Solomon Islands,2007,0.45
Solomon Islands,2008,0.45
Solomon Islands,2009,0.45
Solomon Islands,2010,0.45
Solomon Islands,2011,0.45
Solomon Islands,2012,0.45
Solomon Islands,2013,0.45
Solomon Islands,2014,0.45
Solomon Islands,2015,0.471
Solomon Islands,2016,0.425
Solomon Islands,2017,0.434
Solomon Islands,2018,0.434
Solomon Islands,2019,0.419
Vanuatu,1993,0.428
Vanuatu,1994,0.428
Vanuatu,1995,0.428
Vanuatu,1996,0.428
Vanuatu,1997,0.428
Vanuatu,1998,0.428
Vanuatu,1999,0.428
Vanuatu,2000,0.428
Vanuatu,2001,0.428
Vanuatu,2002,0.428
Vanuatu,2003,0.428
Vanuatu,2004,0.428
Vanuatu,2005,0.428
Vanuatu,2006,0.428
Vanuatu,2007,0.428
Vanuatu,2008,0.428
Vanuatu,2009,0.428
Vanuatu,2010,0.428
Vanuatu,2011,0.428
Vanuatu,2012,0.428
Vanuatu,2013,0.428
Vanuatu,2014,0.428
Vanuatu,2015,0.445
Vanuatu,2016,0.445
Vanuatu,2017,0.468
Vanuatu,2018,0.414
Vanuatu,2019,0.414
United Arab Emirates,1993,0.402
United Arab Emirates,1994,0.402
United Arab Emirates,1995,0.402
United Arab Emirates,1996,0.402
United Arab Emirates,1997,0.42
United Arab Emirates,1998,0.42
United Arab Emirates,1999,0.42
United Arab Emirates,2000,0.391
United Arab Emirates,2001,0.391
United Arab Emirates,2002,0.391
United Arab Emirates,2003,0.391
United Arab Emirates,2004,0.358
United Arab Emirates,2005,0.358
United Arab Emirates,2006,0.358
United Arab Emirates,2007,0.358
United Arab Emirates,2008,0.358
United Arab Emirates,2009,0.358
United Arab Emirates,2010,0.447
United Arab Emirates,2011,0.447
United Arab Emirates,2012,0.39
United Arab Emirates,2013,0.39
United Arab Emirates,2014,0.431
United Arab Emirates,2015,0.431
United Arab Emirates,2016,0.431
United Arab Emirates,2017,0.458
United Arab Emirates,2018,0.458
United Arab Emirates,2019,0.378
Hungary,1993,-2.96
Hungary,1994,-1.847
Hungary,1995,0.483
Hungary,1996,0.483
Hungary,1997,0.483
Hungary,1998,0.483
Hungary,1999,0.483
Hungary,2000,0.483
Hungary,2001,0.483
Hungary,2002,0.483
Hungary,2003,0.483
Hungary,2004,0.483
Hungary,2005,0.483
Hungary,2006,0.483
Hungary,2007,0.483
Hungary,2008,0.483
Hungary,2009,0.483
Hungary,2010,0.483
Hungary,2011,0.483
Hungary,2012,0.483
Hungary,2013,0.451
Hungary,2014,0.451
Hungary,2015,0.451
Hungary,2016,0.451
Hungary,2017,0.414
Hungary,2018,0.476
Hungary,2019,0.447
Zanzibar,1997,-1.241
Zanzibar,1998,-1.241
Zanzibar,1999,-1.241
Zanzibar,2000,-1.241
Zanzibar,2001,-1.241
Zanzibar,2002,-1.241
Zanzibar,2003,-1.241
Zanzibar,2004,-1.241
Zanzibar,2005,-1.241
Zanzibar,2006,-1.241
Zanzibar,2007,-1.241
Zanzibar,2008,-1.21
Zanzibar,2009,-1.21
Zanzibar,2010,0.239
Zanzibar,2011,0.239
Zanzibar,2012,0.314
Zanzibar,2013,0.268
Zanzibar,2014,0.309
Zanzibar,2015,0.309
Zanzibar,2016,0.309
Zanzibar,2017,0.224
Zanzibar,2018,0.192
Zanzibar,2019,0.192
